11:33:28 [INFO] frame sweep=[1, 2, 5, 8, 64]  out=/workspace/user_data/claude_code/minicpm-ascend-challenge/benchmark/video-mme-cookbook/diag/results_scale_20260811_113328.csv
11:33:28 [INFO] loaded 99 selected questions from /workspace/user_data/claude_code/minicpm-ascend-challenge/benchmark/video-mme-cookbook/diag/selected_questions.csv
11:33:28 [INFO] [GPU 0] launching CLI: /workspace/user_data/claude_code/minicpm-ascend-challenge/code/llama.cpp-omni/build-cann/bin/llama-omni-eval-cli -m /workspace/shared_assets/models/OpenBMB/MiniCPM-o-4_5-gguf/MiniCPM-o-4_5-F16.gguf -c 40960 -ngl 999 --max-slice-nums 0 --n-predict 100 --temp 0.2 --top-p 0.8 --top-k 100 --repeat-penalty 1.02  (log: /workspace/user_data/claude_code/minicpm-ascend-challenge/benchmark/video-mme-cookbook/log/cli_gpu0.log)
11:33:35 [INFO] [GPU 0] CLI ready，耗时 6.7s
11:33:35 [INFO] [frames=1] CLI ready, running 99 questions ...
11:33:35 [INFO] Video: /workspace/user_data/verify-ascend-2026-08-10/videomme-data/fFjv93ACGo8.mp4, backend=ffmpeg, sample_fps=1.000, frames=1, total=1, raw_fps=1.000
11:33:35 [INFO] Prepared 1 frames for video fFjv93ACGo8
11:33:36 [INFO] Video: /workspace/user_data/verify-ascend-2026-08-10/videomme-data/fFjv93ACGo8.mp4, backend=ffmpeg, sample_fps=1.000, frames=1, total=1, raw_fps=1.000
11:33:36 [INFO] Prepared 1 frames for video fFjv93ACGo8
11:33:37 [INFO] Video: /workspace/user_data/verify-ascend-2026-08-10/videomme-data/fFjv93ACGo8.mp4, backend=ffmpeg, sample_fps=1.000, frames=1, total=1, raw_fps=1.000
11:33:37 [INFO] Prepared 1 frames for video fFjv93ACGo8
11:33:38 [INFO] Video: /workspace/user_data/verify-ascend-2026-08-10/videomme-data/N1cdUjctpG8.mp4, backend=ffmpeg, sample_fps=1.000, frames=1, total=1, raw_fps=1.000
11:33:38 [INFO] Prepared 1 frames for video N1cdUjctpG8
11:33:38 [INFO] Video: /workspace/user_data/verify-ascend-2026-08-10/videomme-data/N1cdUjctpG8.mp4, backend=ffmpeg, sample_fps=1.000, frames=1, total=1, raw_fps=1.000
11:33:39 [INFO] Prepared 1 frames for video N1cdUjctpG8
11:33:39 [INFO] Video: /workspace/user_data/verify-ascend-2026-08-10/videomme-data/N1cdUjctpG8.mp4, backend=ffmpeg, sample_fps=1.000, frames=1, total=1, raw_fps=1.000
11:33:39 [INFO] Prepared 1 frames for video N1cdUjctpG8
11:33:40 [INFO] Video: /workspace/user_data/verify-ascend-2026-08-10/videomme-data/HIjX8OPuf-w.mp4, backend=ffmpeg, sample_fps=1.000, frames=1, total=1, raw_fps=1.000
11:33:40 [INFO] Prepared 1 frames for video HIjX8OPuf-w
11:33:41 [INFO] Video: /workspace/user_data/verify-ascend-2026-08-10/videomme-data/HIjX8OPuf-w.mp4, backend=ffmpeg, sample_fps=1.000, frames=1, total=1, raw_fps=1.000
11:33:41 [INFO] Prepared 1 frames for video HIjX8OPuf-w
11:33:41 [INFO] Video: /workspace/user_data/verify-ascend-2026-08-10/videomme-data/HIjX8OPuf-w.mp4, backend=ffmpeg, sample_fps=1.000, frames=1, total=1, raw_fps=1.000
11:33:41 [INFO] Prepared 1 frames for video HIjX8OPuf-w
11:33:42 [INFO] Video: /workspace/user_data/verify-ascend-2026-08-10/videomme-data/HwnB8aCn8yE.mp4, backend=ffmpeg, sample_fps=1.000, frames=1, total=1, raw_fps=1.000
11:33:42 [INFO] Prepared 1 frames for video HwnB8aCn8yE
11:33:42 [INFO] [frames=1] 10/99 done (correct so far=4)
11:33:43 [INFO] Video: /workspace/user_data/verify-ascend-2026-08-10/videomme-data/HwnB8aCn8yE.mp4, backend=ffmpeg, sample_fps=1.000, frames=1, total=1, raw_fps=1.000
11:33:43 [INFO] Prepared 1 frames for video HwnB8aCn8yE
11:33:43 [INFO] Video: /workspace/user_data/verify-ascend-2026-08-10/videomme-data/HwnB8aCn8yE.mp4, backend=ffmpeg, sample_fps=1.000, frames=1, total=1, raw_fps=1.000
11:33:43 [INFO] Prepared 1 frames for video HwnB8aCn8yE
11:33:44 [INFO] Video: /workspace/user_data/verify-ascend-2026-08-10/videomme-data/24i4ncHuf6A.mp4, backend=ffmpeg, sample_fps=1.000, frames=1, total=1, raw_fps=1.000
11:33:44 [INFO] Prepared 1 frames for video 24i4ncHuf6A
11:33:45 [INFO] Video: /workspace/user_data/verify-ascend-2026-08-10/videomme-data/24i4ncHuf6A.mp4, backend=ffmpeg, sample_fps=1.000, frames=1, total=1, raw_fps=1.000
11:33:45 [INFO] Prepared 1 frames for video 24i4ncHuf6A
11:33:45 [INFO] Video: /workspace/user_data/verify-ascend-2026-08-10/videomme-data/24i4ncHuf6A.mp4, backend=ffmpeg, sample_fps=1.000, frames=1, total=1, raw_fps=1.000
11:33:45 [INFO] Prepared 1 frames for video 24i4ncHuf6A
11:33:46 [INFO] Video: /workspace/user_data/verify-ascend-2026-08-10/videomme-data/40BlVzjxu-I.mp4, backend=ffmpeg, sample_fps=1.000, frames=1, total=1, raw_fps=1.000
11:33:46 [INFO] Prepared 1 frames for video 40BlVzjxu-I
11:33:47 [INFO] Video: /workspace/user_data/verify-ascend-2026-08-10/videomme-data/40BlVzjxu-I.mp4, backend=ffmpeg, sample_fps=1.000, frames=1, total=1, raw_fps=1.000
11:33:47 [INFO] Prepared 1 frames for video 40BlVzjxu-I
11:33:47 [INFO] Video: /workspace/user_data/verify-ascend-2026-08-10/videomme-data/40BlVzjxu-I.mp4, backend=ffmpeg, sample_fps=1.000, frames=1, total=1, raw_fps=1.000
11:33:47 [INFO] Prepared 1 frames for video 40BlVzjxu-I
11:33:48 [INFO] Video: /workspace/user_data/verify-ascend-2026-08-10/videomme-data/0ay2Qy3wBe8.mp4, backend=ffmpeg, sample_fps=1.000, frames=1, total=1, raw_fps=1.000
11:33:48 [INFO] Prepared 1 frames for video 0ay2Qy3wBe8
11:33:49 [INFO] Video: /workspace/user_data/verify-ascend-2026-08-10/videomme-data/0ay2Qy3wBe8.mp4, backend=ffmpeg, sample_fps=1.000, frames=1, total=1, raw_fps=1.000
11:33:49 [INFO] Prepared 1 frames for video 0ay2Qy3wBe8
11:33:49 [INFO] [frames=1] 20/99 done (correct so far=8)
11:33:49 [INFO] Video: /workspace/user_data/verify-ascend-2026-08-10/videomme-data/0ay2Qy3wBe8.mp4, backend=ffmpeg, sample_fps=1.000, frames=1, total=1, raw_fps=1.000
11:33:49 [INFO] Prepared 1 frames for video 0ay2Qy3wBe8
11:33:50 [INFO] Video: /workspace/user_data/verify-ascend-2026-08-10/videomme-data/_tvmjsKXTu8.mp4, backend=ffmpeg, sample_fps=1.000, frames=1, total=1, raw_fps=1.000
11:33:50 [INFO] Prepared 1 frames for video _tvmjsKXTu8
11:33:51 [INFO] Video: /workspace/user_data/verify-ascend-2026-08-10/videomme-data/_tvmjsKXTu8.mp4, backend=ffmpeg, sample_fps=1.000, frames=1, total=1, raw_fps=1.000
11:33:51 [INFO] Prepared 1 frames for video _tvmjsKXTu8
11:33:51 [INFO] Video: /workspace/user_data/verify-ascend-2026-08-10/videomme-data/_tvmjsKXTu8.mp4, backend=ffmpeg, sample_fps=1.000, frames=1, total=1, raw_fps=1.000
11:33:51 [INFO] Prepared 1 frames for video _tvmjsKXTu8
11:33:52 [INFO] Video: /workspace/user_data/verify-ascend-2026-08-10/videomme-data/sUDY-SMREtA.mp4, backend=ffmpeg, sample_fps=1.000, frames=1, total=1, raw_fps=1.000
11:33:52 [INFO] Prepared 1 frames for video sUDY-SMREtA
11:33:53 [INFO] Video: /workspace/user_data/verify-ascend-2026-08-10/videomme-data/sUDY-SMREtA.mp4, backend=ffmpeg, sample_fps=1.000, frames=1, total=1, raw_fps=1.000
11:33:53 [INFO] Prepared 1 frames for video sUDY-SMREtA
11:33:53 [INFO] Video: /workspace/user_data/verify-ascend-2026-08-10/videomme-data/sUDY-SMREtA.mp4, backend=ffmpeg, sample_fps=1.000, frames=1, total=1, raw_fps=1.000
11:33:54 [INFO] Prepared 1 frames for video sUDY-SMREtA
11:33:54 [INFO] Video: /workspace/user_data/verify-ascend-2026-08-10/videomme-data/PSt_op3fQck.mp4, backend=ffmpeg, sample_fps=1.000, frames=1, total=1, raw_fps=1.000
11:33:54 [INFO] Prepared 1 frames for video PSt_op3fQck
11:33:55 [INFO] Video: /workspace/user_data/verify-ascend-2026-08-10/videomme-data/PSt_op3fQck.mp4, backend=ffmpeg, sample_fps=1.000, frames=1, total=1, raw_fps=1.000
11:33:55 [INFO] Prepared 1 frames for video PSt_op3fQck
11:33:56 [INFO] Video: /workspace/user_data/verify-ascend-2026-08-10/videomme-data/PSt_op3fQck.mp4, backend=ffmpeg, sample_fps=1.000, frames=1, total=1, raw_fps=1.000
11:33:56 [INFO] Prepared 1 frames for video PSt_op3fQck
11:33:56 [INFO] [frames=1] 30/99 done (correct so far=12)
11:33:56 [INFO] Video: /workspace/user_data/verify-ascend-2026-08-10/videomme-data/OE5S-NbNsro.mp4, backend=ffmpeg, sample_fps=1.000, frames=1, total=1, raw_fps=1.000
11:33:56 [INFO] Prepared 1 frames for video OE5S-NbNsro
11:33:57 [INFO] Video: /workspace/user_data/verify-ascend-2026-08-10/videomme-data/OE5S-NbNsro.mp4, backend=ffmpeg, sample_fps=1.000, frames=1, total=1, raw_fps=1.000
11:33:57 [INFO] Prepared 1 frames for video OE5S-NbNsro
11:33:58 [INFO] Video: /workspace/user_data/verify-ascend-2026-08-10/videomme-data/OE5S-NbNsro.mp4, backend=ffmpeg, sample_fps=1.000, frames=1, total=1, raw_fps=1.000
11:33:58 [INFO] Prepared 1 frames for video OE5S-NbNsro
11:33:58 [INFO] Video: /workspace/user_data/verify-ascend-2026-08-10/videomme-data/dphq5X-rMew.mp4, backend=ffmpeg, sample_fps=1.000, frames=1, total=1, raw_fps=1.000
11:33:58 [INFO] Prepared 1 frames for video dphq5X-rMew
11:33:59 [INFO] Video: /workspace/user_data/verify-ascend-2026-08-10/videomme-data/dphq5X-rMew.mp4, backend=ffmpeg, sample_fps=1.000, frames=1, total=1, raw_fps=1.000
11:33:59 [INFO] Prepared 1 frames for video dphq5X-rMew
11:34:00 [INFO] Video: /workspace/user_data/verify-ascend-2026-08-10/videomme-data/dphq5X-rMew.mp4, backend=ffmpeg, sample_fps=1.000, frames=1, total=1, raw_fps=1.000
11:34:00 [INFO] Prepared 1 frames for video dphq5X-rMew
11:34:00 [INFO] Video: /workspace/user_data/verify-ascend-2026-08-10/videomme-data/K64wRD8eaus.mp4, backend=ffmpeg, sample_fps=1.000, frames=1, total=1, raw_fps=1.000
11:34:00 [INFO] Prepared 1 frames for video K64wRD8eaus
11:34:01 [INFO] Video: /workspace/user_data/verify-ascend-2026-08-10/videomme-data/K64wRD8eaus.mp4, backend=ffmpeg, sample_fps=1.000, frames=1, total=1, raw_fps=1.000
11:34:01 [INFO] Prepared 1 frames for video K64wRD8eaus
11:34:02 [INFO] Video: /workspace/user_data/verify-ascend-2026-08-10/videomme-data/K64wRD8eaus.mp4, backend=ffmpeg, sample_fps=1.000, frames=1, total=1, raw_fps=1.000
11:34:02 [INFO] Prepared 1 frames for video K64wRD8eaus
11:34:02 [INFO] Video: /workspace/user_data/verify-ascend-2026-08-10/videomme-data/kSBB5PsRV-k.mp4, backend=ffmpeg, sample_fps=1.000, frames=1, total=1, raw_fps=1.000
11:34:03 [INFO] Prepared 1 frames for video kSBB5PsRV-k
11:34:03 [INFO] [frames=1] 40/99 done (correct so far=18)
11:34:03 [INFO] Video: /workspace/user_data/verify-ascend-2026-08-10/videomme-data/kSBB5PsRV-k.mp4, backend=ffmpeg, sample_fps=1.000, frames=1, total=1, raw_fps=1.000
11:34:03 [INFO] Prepared 1 frames for video kSBB5PsRV-k
11:34:04 [INFO] Video: /workspace/user_data/verify-ascend-2026-08-10/videomme-data/kSBB5PsRV-k.mp4, backend=ffmpeg, sample_fps=1.000, frames=1, total=1, raw_fps=1.000
11:34:04 [INFO] Prepared 1 frames for video kSBB5PsRV-k
11:34:05 [INFO] Video: /workspace/user_data/verify-ascend-2026-08-10/videomme-data/QTA8j5wSTx4.mp4, backend=ffmpeg, sample_fps=1.000, frames=1, total=1, raw_fps=1.000
11:34:05 [INFO] Prepared 1 frames for video QTA8j5wSTx4
11:34:05 [INFO] Video: /workspace/user_data/verify-ascend-2026-08-10/videomme-data/QTA8j5wSTx4.mp4, backend=ffmpeg, sample_fps=1.000, frames=1, total=1, raw_fps=1.000
11:34:05 [INFO] Prepared 1 frames for video QTA8j5wSTx4
11:34:06 [INFO] Video: /workspace/user_data/verify-ascend-2026-08-10/videomme-data/QTA8j5wSTx4.mp4, backend=ffmpeg, sample_fps=1.000, frames=1, total=1, raw_fps=1.000
11:34:06 [INFO] Prepared 1 frames for video QTA8j5wSTx4
11:34:07 [INFO] Video: /workspace/user_data/verify-ascend-2026-08-10/videomme-data/tuZcS2Flabw.mp4, backend=ffmpeg, sample_fps=1.000, frames=1, total=1, raw_fps=1.000
11:34:07 [INFO] Prepared 1 frames for video tuZcS2Flabw
11:34:07 [INFO] Video: /workspace/user_data/verify-ascend-2026-08-10/videomme-data/tuZcS2Flabw.mp4, backend=ffmpeg, sample_fps=1.000, frames=1, total=1, raw_fps=1.000
11:34:07 [INFO] Prepared 1 frames for video tuZcS2Flabw
11:34:08 [INFO] Video: /workspace/user_data/verify-ascend-2026-08-10/videomme-data/tuZcS2Flabw.mp4, backend=ffmpeg, sample_fps=1.000, frames=1, total=1, raw_fps=1.000
11:34:08 [INFO] Prepared 1 frames for video tuZcS2Flabw
11:34:09 [INFO] Video: /workspace/user_data/verify-ascend-2026-08-10/videomme-data/s_TGkDcjBqI.mp4, backend=ffmpeg, sample_fps=1.000, frames=1, total=1, raw_fps=1.000
11:34:09 [INFO] Prepared 1 frames for video s_TGkDcjBqI
11:34:09 [INFO] Video: /workspace/user_data/verify-ascend-2026-08-10/videomme-data/s_TGkDcjBqI.mp4, backend=ffmpeg, sample_fps=1.000, frames=1, total=1, raw_fps=1.000
11:34:09 [INFO] Prepared 1 frames for video s_TGkDcjBqI
11:34:10 [INFO] [frames=1] 50/99 done (correct so far=21)
11:34:10 [INFO] Video: /workspace/user_data/verify-ascend-2026-08-10/videomme-data/s_TGkDcjBqI.mp4, backend=ffmpeg, sample_fps=1.000, frames=1, total=1, raw_fps=1.000
11:34:10 [INFO] Prepared 1 frames for video s_TGkDcjBqI
11:34:11 [INFO] Video: /workspace/user_data/verify-ascend-2026-08-10/videomme-data/8l1NyR6UvxU.mp4, backend=ffmpeg, sample_fps=1.000, frames=1, total=1, raw_fps=1.000
11:34:11 [INFO] Prepared 1 frames for video 8l1NyR6UvxU
11:34:11 [INFO] Video: /workspace/user_data/verify-ascend-2026-08-10/videomme-data/8l1NyR6UvxU.mp4, backend=ffmpeg, sample_fps=1.000, frames=1, total=1, raw_fps=1.000
11:34:11 [INFO] Prepared 1 frames for video 8l1NyR6UvxU
11:34:12 [INFO] Video: /workspace/user_data/verify-ascend-2026-08-10/videomme-data/8l1NyR6UvxU.mp4, backend=ffmpeg, sample_fps=1.000, frames=1, total=1, raw_fps=1.000
11:34:12 [INFO] Prepared 1 frames for video 8l1NyR6UvxU
11:34:13 [INFO] Video: /workspace/user_data/verify-ascend-2026-08-10/videomme-data/wgPymD-NBQU.mp4, backend=ffmpeg, sample_fps=1.000, frames=1, total=1, raw_fps=1.000
11:34:13 [INFO] Prepared 1 frames for video wgPymD-NBQU
11:34:13 [INFO] Video: /workspace/user_data/verify-ascend-2026-08-10/videomme-data/wgPymD-NBQU.mp4, backend=ffmpeg, sample_fps=1.000, frames=1, total=1, raw_fps=1.000
11:34:13 [INFO] Prepared 1 frames for video wgPymD-NBQU
11:34:14 [INFO] Video: /workspace/user_data/verify-ascend-2026-08-10/videomme-data/wgPymD-NBQU.mp4, backend=ffmpeg, sample_fps=1.000, frames=1, total=1, raw_fps=1.000
11:34:14 [INFO] Prepared 1 frames for video wgPymD-NBQU
11:34:15 [INFO] Video: /workspace/user_data/verify-ascend-2026-08-10/videomme-data/tjrvKA4w9-Y.mp4, backend=ffmpeg, sample_fps=1.000, frames=1, total=1, raw_fps=1.000
11:34:15 [INFO] Prepared 1 frames for video tjrvKA4w9-Y
11:34:15 [INFO] Video: /workspace/user_data/verify-ascend-2026-08-10/videomme-data/tjrvKA4w9-Y.mp4, backend=ffmpeg, sample_fps=1.000, frames=1, total=1, raw_fps=1.000
11:34:15 [INFO] Prepared 1 frames for video tjrvKA4w9-Y
11:34:16 [INFO] Video: /workspace/user_data/verify-ascend-2026-08-10/videomme-data/tjrvKA4w9-Y.mp4, backend=ffmpeg, sample_fps=1.000, frames=1, total=1, raw_fps=1.000
11:34:16 [INFO] Prepared 1 frames for video tjrvKA4w9-Y
11:34:16 [INFO] [frames=1] 60/99 done (correct so far=23)
11:34:17 [INFO] Video: /workspace/user_data/verify-ascend-2026-08-10/videomme-data/A9fQPzZ1-hg.mp4, backend=ffmpeg, sample_fps=1.000, frames=1, total=1, raw_fps=1.000
11:34:17 [INFO] Prepared 1 frames for video A9fQPzZ1-hg
11:34:17 [INFO] Video: /workspace/user_data/verify-ascend-2026-08-10/videomme-data/A9fQPzZ1-hg.mp4, backend=ffmpeg, sample_fps=1.000, frames=1, total=1, raw_fps=1.000
11:34:17 [INFO] Prepared 1 frames for video A9fQPzZ1-hg
11:34:18 [INFO] Video: /workspace/user_data/verify-ascend-2026-08-10/videomme-data/A9fQPzZ1-hg.mp4, backend=ffmpeg, sample_fps=1.000, frames=1, total=1, raw_fps=1.000
11:34:18 [INFO] Prepared 1 frames for video A9fQPzZ1-hg
11:34:19 [INFO] Video: /workspace/user_data/verify-ascend-2026-08-10/videomme-data/4jmMWohs1XM.mp4, backend=ffmpeg, sample_fps=1.000, frames=1, total=1, raw_fps=1.000
11:34:19 [INFO] Prepared 1 frames for video 4jmMWohs1XM
11:34:19 [INFO] Video: /workspace/user_data/verify-ascend-2026-08-10/videomme-data/4jmMWohs1XM.mp4, backend=ffmpeg, sample_fps=1.000, frames=1, total=1, raw_fps=1.000
11:34:19 [INFO] Prepared 1 frames for video 4jmMWohs1XM
11:34:20 [INFO] Video: /workspace/user_data/verify-ascend-2026-08-10/videomme-data/4jmMWohs1XM.mp4, backend=ffmpeg, sample_fps=1.000, frames=1, total=1, raw_fps=1.000
11:34:20 [INFO] Prepared 1 frames for video 4jmMWohs1XM
11:34:21 [INFO] Video: /workspace/user_data/verify-ascend-2026-08-10/videomme-data/TGom0uiW130.mp4, backend=ffmpeg, sample_fps=1.000, frames=1, total=1, raw_fps=1.000
11:34:21 [INFO] Prepared 1 frames for video TGom0uiW130
11:34:21 [INFO] Video: /workspace/user_data/verify-ascend-2026-08-10/videomme-data/TGom0uiW130.mp4, backend=ffmpeg, sample_fps=1.000, frames=1, total=1, raw_fps=1.000
11:34:21 [INFO] Prepared 1 frames for video TGom0uiW130
11:34:22 [INFO] Video: /workspace/user_data/verify-ascend-2026-08-10/videomme-data/TGom0uiW130.mp4, backend=ffmpeg, sample_fps=1.000, frames=1, total=1, raw_fps=1.000
11:34:22 [INFO] Prepared 1 frames for video TGom0uiW130
11:34:23 [INFO] Video: /workspace/user_data/verify-ascend-2026-08-10/videomme-data/w0Wmc8C0Eq0.mp4, backend=ffmpeg, sample_fps=1.000, frames=1, total=1, raw_fps=1.000
11:34:23 [INFO] Prepared 1 frames for video w0Wmc8C0Eq0
11:34:23 [INFO] [frames=1] 70/99 done (correct so far=31)
11:34:23 [INFO] Video: /workspace/user_data/verify-ascend-2026-08-10/videomme-data/w0Wmc8C0Eq0.mp4, backend=ffmpeg, sample_fps=1.000, frames=1, total=1, raw_fps=1.000
11:34:23 [INFO] Prepared 1 frames for video w0Wmc8C0Eq0
11:34:24 [INFO] Video: /workspace/user_data/verify-ascend-2026-08-10/videomme-data/w0Wmc8C0Eq0.mp4, backend=ffmpeg, sample_fps=1.000, frames=1, total=1, raw_fps=1.000
11:34:24 [INFO] Prepared 1 frames for video w0Wmc8C0Eq0
11:34:25 [INFO] Video: /workspace/user_data/verify-ascend-2026-08-10/videomme-data/7D-gxaie6UI.mp4, backend=ffmpeg, sample_fps=1.000, frames=1, total=1, raw_fps=1.000
11:34:25 [INFO] Prepared 1 frames for video 7D-gxaie6UI
11:34:25 [INFO] Video: /workspace/user_data/verify-ascend-2026-08-10/videomme-data/7D-gxaie6UI.mp4, backend=ffmpeg, sample_fps=1.000, frames=1, total=1, raw_fps=1.000
11:34:25 [INFO] Prepared 1 frames for video 7D-gxaie6UI
11:34:26 [INFO] Video: /workspace/user_data/verify-ascend-2026-08-10/videomme-data/7D-gxaie6UI.mp4, backend=ffmpeg, sample_fps=1.000, frames=1, total=1, raw_fps=1.000
11:34:26 [INFO] Prepared 1 frames for video 7D-gxaie6UI
11:34:27 [INFO] Video: /workspace/user_data/verify-ascend-2026-08-10/videomme-data/0RxMZBLeqRI.mp4, backend=ffmpeg, sample_fps=1.000, frames=1, total=1, raw_fps=1.000
11:34:27 [INFO] Prepared 1 frames for video 0RxMZBLeqRI
11:34:27 [INFO] Video: /workspace/user_data/verify-ascend-2026-08-10/videomme-data/0RxMZBLeqRI.mp4, backend=ffmpeg, sample_fps=1.000, frames=1, total=1, raw_fps=1.000
11:34:27 [INFO] Prepared 1 frames for video 0RxMZBLeqRI
11:34:28 [INFO] Video: /workspace/user_data/verify-ascend-2026-08-10/videomme-data/0RxMZBLeqRI.mp4, backend=ffmpeg, sample_fps=1.000, frames=1, total=1, raw_fps=1.000
11:34:28 [INFO] Prepared 1 frames for video 0RxMZBLeqRI
11:34:29 [INFO] Video: /workspace/user_data/verify-ascend-2026-08-10/videomme-data/xKiRmesHWIA.mp4, backend=ffmpeg, sample_fps=1.000, frames=1, total=1, raw_fps=1.000
11:34:29 [INFO] Prepared 1 frames for video xKiRmesHWIA
11:34:29 [INFO] Video: /workspace/user_data/verify-ascend-2026-08-10/videomme-data/xKiRmesHWIA.mp4, backend=ffmpeg, sample_fps=1.000, frames=1, total=1, raw_fps=1.000
11:34:29 [INFO] Prepared 1 frames for video xKiRmesHWIA
11:34:30 [INFO] [frames=1] 80/99 done (correct so far=34)
11:34:30 [INFO] Video: /workspace/user_data/verify-ascend-2026-08-10/videomme-data/xKiRmesHWIA.mp4, backend=ffmpeg, sample_fps=1.000, frames=1, total=1, raw_fps=1.000
11:34:30 [INFO] Prepared 1 frames for video xKiRmesHWIA
11:34:31 [INFO] Video: /workspace/user_data/verify-ascend-2026-08-10/videomme-data/uC8TK7GH85o.mp4, backend=ffmpeg, sample_fps=1.000, frames=1, total=1, raw_fps=1.000
11:34:31 [INFO] Prepared 1 frames for video uC8TK7GH85o
11:34:31 [INFO] Video: /workspace/user_data/verify-ascend-2026-08-10/videomme-data/uC8TK7GH85o.mp4, backend=ffmpeg, sample_fps=1.000, frames=1, total=1, raw_fps=1.000
11:34:31 [INFO] Prepared 1 frames for video uC8TK7GH85o
11:34:32 [INFO] Video: /workspace/user_data/verify-ascend-2026-08-10/videomme-data/uC8TK7GH85o.mp4, backend=ffmpeg, sample_fps=1.000, frames=1, total=1, raw_fps=1.000
11:34:32 [INFO] Prepared 1 frames for video uC8TK7GH85o
11:34:33 [INFO] Video: /workspace/user_data/verify-ascend-2026-08-10/videomme-data/zxKPjD8urG4.mp4, backend=ffmpeg, sample_fps=1.000, frames=1, total=1, raw_fps=1.000
11:34:33 [INFO] Prepared 1 frames for video zxKPjD8urG4
11:34:34 [INFO] Video: /workspace/user_data/verify-ascend-2026-08-10/videomme-data/zxKPjD8urG4.mp4, backend=ffmpeg, sample_fps=1.000, frames=1, total=1, raw_fps=1.000
11:34:34 [INFO] Prepared 1 frames for video zxKPjD8urG4
11:34:34 [INFO] Video: /workspace/user_data/verify-ascend-2026-08-10/videomme-data/zxKPjD8urG4.mp4, backend=ffmpeg, sample_fps=1.000, frames=1, total=1, raw_fps=1.000
11:34:34 [INFO] Prepared 1 frames for video zxKPjD8urG4
11:34:35 [INFO] Video: /workspace/user_data/verify-ascend-2026-08-10/videomme-data/BoBapnk6TB8.mp4, backend=ffmpeg, sample_fps=1.000, frames=1, total=1, raw_fps=1.000
11:34:35 [INFO] Prepared 1 frames for video BoBapnk6TB8
11:34:36 [INFO] Video: /workspace/user_data/verify-ascend-2026-08-10/videomme-data/BoBapnk6TB8.mp4, backend=ffmpeg, sample_fps=1.000, frames=1, total=1, raw_fps=1.000
11:34:36 [INFO] Prepared 1 frames for video BoBapnk6TB8
11:34:36 [INFO] Video: /workspace/user_data/verify-ascend-2026-08-10/videomme-data/BoBapnk6TB8.mp4, backend=ffmpeg, sample_fps=1.000, frames=1, total=1, raw_fps=1.000
11:34:36 [INFO] Prepared 1 frames for video BoBapnk6TB8
11:34:37 [INFO] [frames=1] 90/99 done (correct so far=39)
11:34:37 [INFO] Video: /workspace/user_data/verify-ascend-2026-08-10/videomme-data/HProiNnmGwI.mp4, backend=ffmpeg, sample_fps=1.000, frames=1, total=1, raw_fps=1.000
11:34:37 [INFO] Prepared 1 frames for video HProiNnmGwI
11:34:38 [INFO] Video: /workspace/user_data/verify-ascend-2026-08-10/videomme-data/HProiNnmGwI.mp4, backend=ffmpeg, sample_fps=1.000, frames=1, total=1, raw_fps=1.000
11:34:38 [INFO] Prepared 1 frames for video HProiNnmGwI
11:34:38 [INFO] Video: /workspace/user_data/verify-ascend-2026-08-10/videomme-data/HProiNnmGwI.mp4, backend=ffmpeg, sample_fps=1.000, frames=1, total=1, raw_fps=1.000
11:34:38 [INFO] Prepared 1 frames for video HProiNnmGwI
11:34:39 [INFO] Video: /workspace/user_data/verify-ascend-2026-08-10/videomme-data/O7zcPvQDIMU.mp4, backend=ffmpeg, sample_fps=1.000, frames=1, total=1, raw_fps=1.000
11:34:39 [INFO] Prepared 1 frames for video O7zcPvQDIMU
11:34:40 [INFO] Video: /workspace/user_data/verify-ascend-2026-08-10/videomme-data/O7zcPvQDIMU.mp4, backend=ffmpeg, sample_fps=1.000, frames=1, total=1, raw_fps=1.000
11:34:40 [INFO] Prepared 1 frames for video O7zcPvQDIMU
11:34:40 [INFO] Video: /workspace/user_data/verify-ascend-2026-08-10/videomme-data/O7zcPvQDIMU.mp4, backend=ffmpeg, sample_fps=1.000, frames=1, total=1, raw_fps=1.000
11:34:40 [INFO] Prepared 1 frames for video O7zcPvQDIMU
11:34:41 [INFO] Video: /workspace/user_data/verify-ascend-2026-08-10/videomme-data/H8fGd3fCJbg.mp4, backend=ffmpeg, sample_fps=1.000, frames=1, total=1, raw_fps=1.000
11:34:41 [INFO] Prepared 1 frames for video H8fGd3fCJbg
11:34:42 [INFO] Video: /workspace/user_data/verify-ascend-2026-08-10/videomme-data/H8fGd3fCJbg.mp4, backend=ffmpeg, sample_fps=1.000, frames=1, total=1, raw_fps=1.000
11:34:42 [INFO] Prepared 1 frames for video H8fGd3fCJbg
11:34:42 [INFO] Video: /workspace/user_data/verify-ascend-2026-08-10/videomme-data/H8fGd3fCJbg.mp4, backend=ffmpeg, sample_fps=1.000, frames=1, total=1, raw_fps=1.000
11:34:42 [INFO] Prepared 1 frames for video H8fGd3fCJbg
11:34:43 [INFO] [frames=1] 99/99 done (correct so far=42)
11:34:47 [INFO] [frames=1] FINISHED correct=42/99
11:34:47 [INFO] [GPU 0] launching CLI: /workspace/user_data/claude_code/minicpm-ascend-challenge/code/llama.cpp-omni/build-cann/bin/llama-omni-eval-cli -m /workspace/shared_assets/models/OpenBMB/MiniCPM-o-4_5-gguf/MiniCPM-o-4_5-F16.gguf -c 40960 -ngl 999 --max-slice-nums 0 --n-predict 100 --temp 0.2 --top-p 0.8 --top-k 100 --repeat-penalty 1.02  (log: /workspace/user_data/claude_code/minicpm-ascend-challenge/benchmark/video-mme-cookbook/log/cli_gpu0.log)
11:34:55 [INFO] [GPU 0] CLI ready，耗时 7.4s
11:34:55 [INFO] [frames=2] CLI ready, running 99 questions ...
11:34:55 [INFO] Video: /workspace/user_data/verify-ascend-2026-08-10/videomme-data/fFjv93ACGo8.mp4, backend=ffmpeg, sample_fps=1.000, frames=2, total=2, raw_fps=1.000
11:34:55 [INFO] Prepared 2 frames for video fFjv93ACGo8
11:34:56 [INFO] Video: /workspace/user_data/verify-ascend-2026-08-10/videomme-data/fFjv93ACGo8.mp4, backend=ffmpeg, sample_fps=1.000, frames=2, total=2, raw_fps=1.000
11:34:56 [INFO] Prepared 2 frames for video fFjv93ACGo8
11:34:57 [INFO] Video: /workspace/user_data/verify-ascend-2026-08-10/videomme-data/fFjv93ACGo8.mp4, backend=ffmpeg, sample_fps=1.000, frames=2, total=2, raw_fps=1.000
11:34:57 [INFO] Prepared 2 frames for video fFjv93ACGo8
11:34:58 [INFO] Video: /workspace/user_data/verify-ascend-2026-08-10/videomme-data/N1cdUjctpG8.mp4, backend=ffmpeg, sample_fps=1.000, frames=2, total=2, raw_fps=1.000
11:34:58 [INFO] Prepared 2 frames for video N1cdUjctpG8
11:34:59 [INFO] Video: /workspace/user_data/verify-ascend-2026-08-10/videomme-data/N1cdUjctpG8.mp4, backend=ffmpeg, sample_fps=1.000, frames=2, total=2, raw_fps=1.000
11:34:59 [INFO] Prepared 2 frames for video N1cdUjctpG8
11:35:00 [INFO] Video: /workspace/user_data/verify-ascend-2026-08-10/videomme-data/N1cdUjctpG8.mp4, backend=ffmpeg, sample_fps=1.000, frames=2, total=2, raw_fps=1.000
11:35:00 [INFO] Prepared 2 frames for video N1cdUjctpG8
11:35:01 [INFO] Video: /workspace/user_data/verify-ascend-2026-08-10/videomme-data/HIjX8OPuf-w.mp4, backend=ffmpeg, sample_fps=1.000, frames=2, total=2, raw_fps=1.000
11:35:01 [INFO] Prepared 2 frames for video HIjX8OPuf-w
11:35:02 [INFO] Video: /workspace/user_data/verify-ascend-2026-08-10/videomme-data/HIjX8OPuf-w.mp4, backend=ffmpeg, sample_fps=1.000, frames=2, total=2, raw_fps=1.000
11:35:02 [INFO] Prepared 2 frames for video HIjX8OPuf-w
11:35:02 [INFO] Video: /workspace/user_data/verify-ascend-2026-08-10/videomme-data/HIjX8OPuf-w.mp4, backend=ffmpeg, sample_fps=1.000, frames=2, total=2, raw_fps=1.000
11:35:02 [INFO] Prepared 2 frames for video HIjX8OPuf-w
11:35:03 [INFO] Video: /workspace/user_data/verify-ascend-2026-08-10/videomme-data/HwnB8aCn8yE.mp4, backend=ffmpeg, sample_fps=1.000, frames=2, total=2, raw_fps=1.000
11:35:03 [INFO] Prepared 2 frames for video HwnB8aCn8yE
11:35:04 [INFO] [frames=2] 10/99 done (correct so far=5)
11:35:04 [INFO] Video: /workspace/user_data/verify-ascend-2026-08-10/videomme-data/HwnB8aCn8yE.mp4, backend=ffmpeg, sample_fps=1.000, frames=2, total=2, raw_fps=1.000
11:35:04 [INFO] Prepared 2 frames for video HwnB8aCn8yE
11:35:05 [INFO] Video: /workspace/user_data/verify-ascend-2026-08-10/videomme-data/HwnB8aCn8yE.mp4, backend=ffmpeg, sample_fps=1.000, frames=2, total=2, raw_fps=1.000
11:35:05 [INFO] Prepared 2 frames for video HwnB8aCn8yE
11:35:06 [INFO] Video: /workspace/user_data/verify-ascend-2026-08-10/videomme-data/24i4ncHuf6A.mp4, backend=ffmpeg, sample_fps=1.000, frames=2, total=2, raw_fps=1.000
11:35:06 [INFO] Prepared 2 frames for video 24i4ncHuf6A
11:35:06 [INFO] Video: /workspace/user_data/verify-ascend-2026-08-10/videomme-data/24i4ncHuf6A.mp4, backend=ffmpeg, sample_fps=1.000, frames=2, total=2, raw_fps=1.000
11:35:07 [INFO] Prepared 2 frames for video 24i4ncHuf6A
11:35:07 [INFO] Video: /workspace/user_data/verify-ascend-2026-08-10/videomme-data/24i4ncHuf6A.mp4, backend=ffmpeg, sample_fps=1.000, frames=2, total=2, raw_fps=1.000
11:35:07 [INFO] Prepared 2 frames for video 24i4ncHuf6A
11:35:08 [INFO] Video: /workspace/user_data/verify-ascend-2026-08-10/videomme-data/40BlVzjxu-I.mp4, backend=ffmpeg, sample_fps=1.000, frames=2, total=2, raw_fps=1.000
11:35:08 [INFO] Prepared 2 frames for video 40BlVzjxu-I
11:35:09 [INFO] Video: /workspace/user_data/verify-ascend-2026-08-10/videomme-data/40BlVzjxu-I.mp4, backend=ffmpeg, sample_fps=1.000, frames=2, total=2, raw_fps=1.000
11:35:09 [INFO] Prepared 2 frames for video 40BlVzjxu-I
11:35:10 [INFO] Video: /workspace/user_data/verify-ascend-2026-08-10/videomme-data/40BlVzjxu-I.mp4, backend=ffmpeg, sample_fps=1.000, frames=2, total=2, raw_fps=1.000
11:35:10 [INFO] Prepared 2 frames for video 40BlVzjxu-I
11:35:11 [INFO] Video: /workspace/user_data/verify-ascend-2026-08-10/videomme-data/0ay2Qy3wBe8.mp4, backend=ffmpeg, sample_fps=1.000, frames=2, total=2, raw_fps=1.000
11:35:11 [INFO] Prepared 2 frames for video 0ay2Qy3wBe8
11:35:11 [INFO] Video: /workspace/user_data/verify-ascend-2026-08-10/videomme-data/0ay2Qy3wBe8.mp4, backend=ffmpeg, sample_fps=1.000, frames=2, total=2, raw_fps=1.000
11:35:12 [INFO] Prepared 2 frames for video 0ay2Qy3wBe8
11:35:12 [INFO] [frames=2] 20/99 done (correct so far=10)
11:35:12 [INFO] Video: /workspace/user_data/verify-ascend-2026-08-10/videomme-data/0ay2Qy3wBe8.mp4, backend=ffmpeg, sample_fps=1.000, frames=2, total=2, raw_fps=1.000
11:35:12 [INFO] Prepared 2 frames for video 0ay2Qy3wBe8
11:35:13 [INFO] Video: /workspace/user_data/verify-ascend-2026-08-10/videomme-data/_tvmjsKXTu8.mp4, backend=ffmpeg, sample_fps=1.000, frames=2, total=2, raw_fps=1.000
11:35:13 [INFO] Prepared 2 frames for video _tvmjsKXTu8
11:35:14 [INFO] Video: /workspace/user_data/verify-ascend-2026-08-10/videomme-data/_tvmjsKXTu8.mp4, backend=ffmpeg, sample_fps=1.000, frames=2, total=2, raw_fps=1.000
11:35:14 [INFO] Prepared 2 frames for video _tvmjsKXTu8
11:35:15 [INFO] Video: /workspace/user_data/verify-ascend-2026-08-10/videomme-data/_tvmjsKXTu8.mp4, backend=ffmpeg, sample_fps=1.000, frames=2, total=2, raw_fps=1.000
11:35:15 [INFO] Prepared 2 frames for video _tvmjsKXTu8
11:35:15 [INFO] Video: /workspace/user_data/verify-ascend-2026-08-10/videomme-data/sUDY-SMREtA.mp4, backend=ffmpeg, sample_fps=1.000, frames=2, total=2, raw_fps=1.000
11:35:15 [INFO] Prepared 2 frames for video sUDY-SMREtA
11:35:16 [INFO] Video: /workspace/user_data/verify-ascend-2026-08-10/videomme-data/sUDY-SMREtA.mp4, backend=ffmpeg, sample_fps=1.000, frames=2, total=2, raw_fps=1.000
11:35:16 [INFO] Prepared 2 frames for video sUDY-SMREtA
11:35:17 [INFO] Video: /workspace/user_data/verify-ascend-2026-08-10/videomme-data/sUDY-SMREtA.mp4, backend=ffmpeg, sample_fps=1.000, frames=2, total=2, raw_fps=1.000
11:35:17 [INFO] Prepared 2 frames for video sUDY-SMREtA
11:35:18 [INFO] Video: /workspace/user_data/verify-ascend-2026-08-10/videomme-data/PSt_op3fQck.mp4, backend=ffmpeg, sample_fps=1.000, frames=2, total=2, raw_fps=1.000
11:35:18 [INFO] Prepared 2 frames for video PSt_op3fQck
11:35:19 [INFO] Video: /workspace/user_data/verify-ascend-2026-08-10/videomme-data/PSt_op3fQck.mp4, backend=ffmpeg, sample_fps=1.000, frames=2, total=2, raw_fps=1.000
11:35:19 [INFO] Prepared 2 frames for video PSt_op3fQck
11:35:20 [INFO] Video: /workspace/user_data/verify-ascend-2026-08-10/videomme-data/PSt_op3fQck.mp4, backend=ffmpeg, sample_fps=1.000, frames=2, total=2, raw_fps=1.000
11:35:20 [INFO] Prepared 2 frames for video PSt_op3fQck
11:35:20 [INFO] [frames=2] 30/99 done (correct so far=13)
11:35:20 [INFO] Video: /workspace/user_data/verify-ascend-2026-08-10/videomme-data/OE5S-NbNsro.mp4, backend=ffmpeg, sample_fps=1.000, frames=2, total=2, raw_fps=1.000
11:35:20 [INFO] Prepared 2 frames for video OE5S-NbNsro
11:35:21 [INFO] Video: /workspace/user_data/verify-ascend-2026-08-10/videomme-data/OE5S-NbNsro.mp4, backend=ffmpeg, sample_fps=1.000, frames=2, total=2, raw_fps=1.000
11:35:21 [INFO] Prepared 2 frames for video OE5S-NbNsro
11:35:22 [INFO] Video: /workspace/user_data/verify-ascend-2026-08-10/videomme-data/OE5S-NbNsro.mp4, backend=ffmpeg, sample_fps=1.000, frames=2, total=2, raw_fps=1.000
11:35:22 [INFO] Prepared 2 frames for video OE5S-NbNsro
11:35:23 [INFO] Video: /workspace/user_data/verify-ascend-2026-08-10/videomme-data/dphq5X-rMew.mp4, backend=ffmpeg, sample_fps=1.000, frames=2, total=2, raw_fps=1.000
11:35:23 [INFO] Prepared 2 frames for video dphq5X-rMew
11:35:24 [INFO] Video: /workspace/user_data/verify-ascend-2026-08-10/videomme-data/dphq5X-rMew.mp4, backend=ffmpeg, sample_fps=1.000, frames=2, total=2, raw_fps=1.000
11:35:24 [INFO] Prepared 2 frames for video dphq5X-rMew
11:35:25 [INFO] Video: /workspace/user_data/verify-ascend-2026-08-10/videomme-data/dphq5X-rMew.mp4, backend=ffmpeg, sample_fps=1.000, frames=2, total=2, raw_fps=1.000
11:35:25 [INFO] Prepared 2 frames for video dphq5X-rMew
11:35:25 [INFO] Video: /workspace/user_data/verify-ascend-2026-08-10/videomme-data/K64wRD8eaus.mp4, backend=ffmpeg, sample_fps=1.000, frames=2, total=2, raw_fps=1.000
11:35:25 [INFO] Prepared 2 frames for video K64wRD8eaus
11:35:26 [INFO] Video: /workspace/user_data/verify-ascend-2026-08-10/videomme-data/K64wRD8eaus.mp4, backend=ffmpeg, sample_fps=1.000, frames=2, total=2, raw_fps=1.000
11:35:26 [INFO] Prepared 2 frames for video K64wRD8eaus
11:35:27 [INFO] Video: /workspace/user_data/verify-ascend-2026-08-10/videomme-data/K64wRD8eaus.mp4, backend=ffmpeg, sample_fps=1.000, frames=2, total=2, raw_fps=1.000
11:35:27 [INFO] Prepared 2 frames for video K64wRD8eaus
11:35:28 [INFO] Video: /workspace/user_data/verify-ascend-2026-08-10/videomme-data/kSBB5PsRV-k.mp4, backend=ffmpeg, sample_fps=1.000, frames=2, total=2, raw_fps=1.000
11:35:28 [INFO] Prepared 2 frames for video kSBB5PsRV-k
11:35:28 [INFO] [frames=2] 40/99 done (correct so far=19)
11:35:29 [INFO] Video: /workspace/user_data/verify-ascend-2026-08-10/videomme-data/kSBB5PsRV-k.mp4, backend=ffmpeg, sample_fps=1.000, frames=2, total=2, raw_fps=1.000
11:35:29 [INFO] Prepared 2 frames for video kSBB5PsRV-k
11:35:29 [INFO] Video: /workspace/user_data/verify-ascend-2026-08-10/videomme-data/kSBB5PsRV-k.mp4, backend=ffmpeg, sample_fps=1.000, frames=2, total=2, raw_fps=1.000
11:35:30 [INFO] Prepared 2 frames for video kSBB5PsRV-k
11:35:30 [INFO] Video: /workspace/user_data/verify-ascend-2026-08-10/videomme-data/QTA8j5wSTx4.mp4, backend=ffmpeg, sample_fps=1.000, frames=2, total=2, raw_fps=1.000
11:35:30 [INFO] Prepared 2 frames for video QTA8j5wSTx4
11:35:31 [INFO] Video: /workspace/user_data/verify-ascend-2026-08-10/videomme-data/QTA8j5wSTx4.mp4, backend=ffmpeg, sample_fps=1.000, frames=2, total=2, raw_fps=1.000
11:35:31 [INFO] Prepared 2 frames for video QTA8j5wSTx4
11:35:32 [INFO] Video: /workspace/user_data/verify-ascend-2026-08-10/videomme-data/QTA8j5wSTx4.mp4, backend=ffmpeg, sample_fps=1.000, frames=2, total=2, raw_fps=1.000
11:35:32 [INFO] Prepared 2 frames for video QTA8j5wSTx4
11:35:33 [INFO] Video: /workspace/user_data/verify-ascend-2026-08-10/videomme-data/tuZcS2Flabw.mp4, backend=ffmpeg, sample_fps=1.000, frames=2, total=2, raw_fps=1.000
11:35:33 [INFO] Prepared 2 frames for video tuZcS2Flabw
11:35:34 [INFO] Video: /workspace/user_data/verify-ascend-2026-08-10/videomme-data/tuZcS2Flabw.mp4, backend=ffmpeg, sample_fps=1.000, frames=2, total=2, raw_fps=1.000
11:35:34 [INFO] Prepared 2 frames for video tuZcS2Flabw
11:35:34 [INFO] Video: /workspace/user_data/verify-ascend-2026-08-10/videomme-data/tuZcS2Flabw.mp4, backend=ffmpeg, sample_fps=1.000, frames=2, total=2, raw_fps=1.000
11:35:34 [INFO] Prepared 2 frames for video tuZcS2Flabw
11:35:35 [INFO] Video: /workspace/user_data/verify-ascend-2026-08-10/videomme-data/s_TGkDcjBqI.mp4, backend=ffmpeg, sample_fps=1.000, frames=2, total=2, raw_fps=1.000
11:35:35 [INFO] Prepared 2 frames for video s_TGkDcjBqI
11:35:36 [INFO] Video: /workspace/user_data/verify-ascend-2026-08-10/videomme-data/s_TGkDcjBqI.mp4, backend=ffmpeg, sample_fps=1.000, frames=2, total=2, raw_fps=1.000
11:35:36 [INFO] Prepared 2 frames for video s_TGkDcjBqI
11:35:37 [INFO] [frames=2] 50/99 done (correct so far=21)
11:35:37 [INFO] Video: /workspace/user_data/verify-ascend-2026-08-10/videomme-data/s_TGkDcjBqI.mp4, backend=ffmpeg, sample_fps=1.000, frames=2, total=2, raw_fps=1.000
11:35:37 [INFO] Prepared 2 frames for video s_TGkDcjBqI
11:35:38 [INFO] Video: /workspace/user_data/verify-ascend-2026-08-10/videomme-data/8l1NyR6UvxU.mp4, backend=ffmpeg, sample_fps=1.000, frames=2, total=2, raw_fps=1.000
11:35:38 [INFO] Prepared 2 frames for video 8l1NyR6UvxU
11:35:38 [INFO] Video: /workspace/user_data/verify-ascend-2026-08-10/videomme-data/8l1NyR6UvxU.mp4, backend=ffmpeg, sample_fps=1.000, frames=2, total=2, raw_fps=1.000
11:35:38 [INFO] Prepared 2 frames for video 8l1NyR6UvxU
11:35:39 [INFO] Video: /workspace/user_data/verify-ascend-2026-08-10/videomme-data/8l1NyR6UvxU.mp4, backend=ffmpeg, sample_fps=1.000, frames=2, total=2, raw_fps=1.000
11:35:39 [INFO] Prepared 2 frames for video 8l1NyR6UvxU
11:35:40 [INFO] Video: /workspace/user_data/verify-ascend-2026-08-10/videomme-data/wgPymD-NBQU.mp4, backend=ffmpeg, sample_fps=1.000, frames=2, total=2, raw_fps=1.000
11:35:40 [INFO] Prepared 2 frames for video wgPymD-NBQU
11:35:41 [INFO] Video: /workspace/user_data/verify-ascend-2026-08-10/videomme-data/wgPymD-NBQU.mp4, backend=ffmpeg, sample_fps=1.000, frames=2, total=2, raw_fps=1.000
11:35:41 [INFO] Prepared 2 frames for video wgPymD-NBQU
11:35:41 [INFO] Video: /workspace/user_data/verify-ascend-2026-08-10/videomme-data/wgPymD-NBQU.mp4, backend=ffmpeg, sample_fps=1.000, frames=2, total=2, raw_fps=1.000
11:35:41 [INFO] Prepared 2 frames for video wgPymD-NBQU
11:35:42 [INFO] Video: /workspace/user_data/verify-ascend-2026-08-10/videomme-data/tjrvKA4w9-Y.mp4, backend=ffmpeg, sample_fps=1.000, frames=2, total=2, raw_fps=1.000
11:35:42 [INFO] Prepared 2 frames for video tjrvKA4w9-Y
11:35:43 [INFO] Video: /workspace/user_data/verify-ascend-2026-08-10/videomme-data/tjrvKA4w9-Y.mp4, backend=ffmpeg, sample_fps=1.000, frames=2, total=2, raw_fps=1.000
11:35:43 [INFO] Prepared 2 frames for video tjrvKA4w9-Y
11:35:44 [INFO] Video: /workspace/user_data/verify-ascend-2026-08-10/videomme-data/tjrvKA4w9-Y.mp4, backend=ffmpeg, sample_fps=1.000, frames=2, total=2, raw_fps=1.000
11:35:44 [INFO] Prepared 2 frames for video tjrvKA4w9-Y
11:35:44 [INFO] [frames=2] 60/99 done (correct so far=24)
11:35:45 [INFO] Video: /workspace/user_data/verify-ascend-2026-08-10/videomme-data/A9fQPzZ1-hg.mp4, backend=ffmpeg, sample_fps=1.000, frames=2, total=2, raw_fps=1.000
11:35:45 [INFO] Prepared 2 frames for video A9fQPzZ1-hg
11:35:45 [INFO] Video: /workspace/user_data/verify-ascend-2026-08-10/videomme-data/A9fQPzZ1-hg.mp4, backend=ffmpeg, sample_fps=1.000, frames=2, total=2, raw_fps=1.000
11:35:45 [INFO] Prepared 2 frames for video A9fQPzZ1-hg
11:35:46 [INFO] Video: /workspace/user_data/verify-ascend-2026-08-10/videomme-data/A9fQPzZ1-hg.mp4, backend=ffmpeg, sample_fps=1.000, frames=2, total=2, raw_fps=1.000
11:35:46 [INFO] Prepared 2 frames for video A9fQPzZ1-hg
11:35:47 [INFO] Video: /workspace/user_data/verify-ascend-2026-08-10/videomme-data/4jmMWohs1XM.mp4, backend=ffmpeg, sample_fps=1.000, frames=2, total=2, raw_fps=1.000
11:35:47 [INFO] Prepared 2 frames for video 4jmMWohs1XM
11:35:48 [INFO] Video: /workspace/user_data/verify-ascend-2026-08-10/videomme-data/4jmMWohs1XM.mp4, backend=ffmpeg, sample_fps=1.000, frames=2, total=2, raw_fps=1.000
11:35:48 [INFO] Prepared 2 frames for video 4jmMWohs1XM
11:35:48 [INFO] Video: /workspace/user_data/verify-ascend-2026-08-10/videomme-data/4jmMWohs1XM.mp4, backend=ffmpeg, sample_fps=1.000, frames=2, total=2, raw_fps=1.000
11:35:49 [INFO] Prepared 2 frames for video 4jmMWohs1XM
11:35:49 [INFO] Video: /workspace/user_data/verify-ascend-2026-08-10/videomme-data/TGom0uiW130.mp4, backend=ffmpeg, sample_fps=1.000, frames=2, total=2, raw_fps=1.000
11:35:49 [INFO] Prepared 2 frames for video TGom0uiW130
11:35:50 [INFO] Video: /workspace/user_data/verify-ascend-2026-08-10/videomme-data/TGom0uiW130.mp4, backend=ffmpeg, sample_fps=1.000, frames=2, total=2, raw_fps=1.000
11:35:50 [INFO] Prepared 2 frames for video TGom0uiW130
11:35:51 [INFO] Video: /workspace/user_data/verify-ascend-2026-08-10/videomme-data/TGom0uiW130.mp4, backend=ffmpeg, sample_fps=1.000, frames=2, total=2, raw_fps=1.000
11:35:51 [INFO] Prepared 2 frames for video TGom0uiW130
11:35:52 [INFO] Video: /workspace/user_data/verify-ascend-2026-08-10/videomme-data/w0Wmc8C0Eq0.mp4, backend=ffmpeg, sample_fps=1.000, frames=2, total=2, raw_fps=1.000
11:35:52 [INFO] Prepared 2 frames for video w0Wmc8C0Eq0
11:35:52 [INFO] [frames=2] 70/99 done (correct so far=31)
11:35:52 [INFO] Video: /workspace/user_data/verify-ascend-2026-08-10/videomme-data/w0Wmc8C0Eq0.mp4, backend=ffmpeg, sample_fps=1.000, frames=2, total=2, raw_fps=1.000
11:35:52 [INFO] Prepared 2 frames for video w0Wmc8C0Eq0
11:35:53 [INFO] Video: /workspace/user_data/verify-ascend-2026-08-10/videomme-data/w0Wmc8C0Eq0.mp4, backend=ffmpeg, sample_fps=1.000, frames=2, total=2, raw_fps=1.000
11:35:53 [INFO] Prepared 2 frames for video w0Wmc8C0Eq0
11:35:54 [INFO] Video: /workspace/user_data/verify-ascend-2026-08-10/videomme-data/7D-gxaie6UI.mp4, backend=ffmpeg, sample_fps=1.000, frames=2, total=2, raw_fps=1.000
11:35:54 [INFO] Prepared 2 frames for video 7D-gxaie6UI
11:35:55 [INFO] Video: /workspace/user_data/verify-ascend-2026-08-10/videomme-data/7D-gxaie6UI.mp4, backend=ffmpeg, sample_fps=1.000, frames=2, total=2, raw_fps=1.000
11:35:55 [INFO] Prepared 2 frames for video 7D-gxaie6UI
11:35:56 [INFO] Video: /workspace/user_data/verify-ascend-2026-08-10/videomme-data/7D-gxaie6UI.mp4, backend=ffmpeg, sample_fps=1.000, frames=2, total=2, raw_fps=1.000
11:35:56 [INFO] Prepared 2 frames for video 7D-gxaie6UI
11:35:56 [INFO] Video: /workspace/user_data/verify-ascend-2026-08-10/videomme-data/0RxMZBLeqRI.mp4, backend=ffmpeg, sample_fps=1.000, frames=2, total=2, raw_fps=1.000
11:35:56 [INFO] Prepared 2 frames for video 0RxMZBLeqRI
11:35:57 [INFO] Video: /workspace/user_data/verify-ascend-2026-08-10/videomme-data/0RxMZBLeqRI.mp4, backend=ffmpeg, sample_fps=1.000, frames=2, total=2, raw_fps=1.000
11:35:57 [INFO] Prepared 2 frames for video 0RxMZBLeqRI
11:35:58 [INFO] Video: /workspace/user_data/verify-ascend-2026-08-10/videomme-data/0RxMZBLeqRI.mp4, backend=ffmpeg, sample_fps=1.000, frames=2, total=2, raw_fps=1.000
11:35:58 [INFO] Prepared 2 frames for video 0RxMZBLeqRI
11:35:59 [INFO] Video: /workspace/user_data/verify-ascend-2026-08-10/videomme-data/xKiRmesHWIA.mp4, backend=ffmpeg, sample_fps=1.000, frames=2, total=2, raw_fps=1.000
11:35:59 [INFO] Prepared 2 frames for video xKiRmesHWIA
11:36:00 [INFO] Video: /workspace/user_data/verify-ascend-2026-08-10/videomme-data/xKiRmesHWIA.mp4, backend=ffmpeg, sample_fps=1.000, frames=2, total=2, raw_fps=1.000
11:36:00 [INFO] Prepared 2 frames for video xKiRmesHWIA
11:36:00 [INFO] [frames=2] 80/99 done (correct so far=33)
11:36:00 [INFO] Video: /workspace/user_data/verify-ascend-2026-08-10/videomme-data/xKiRmesHWIA.mp4, backend=ffmpeg, sample_fps=1.000, frames=2, total=2, raw_fps=1.000
11:36:00 [INFO] Prepared 2 frames for video xKiRmesHWIA
11:36:01 [INFO] Video: /workspace/user_data/verify-ascend-2026-08-10/videomme-data/uC8TK7GH85o.mp4, backend=ffmpeg, sample_fps=1.000, frames=2, total=2, raw_fps=1.000
11:36:01 [INFO] Prepared 2 frames for video uC8TK7GH85o
11:36:02 [INFO] Video: /workspace/user_data/verify-ascend-2026-08-10/videomme-data/uC8TK7GH85o.mp4, backend=ffmpeg, sample_fps=1.000, frames=2, total=2, raw_fps=1.000
11:36:02 [INFO] Prepared 2 frames for video uC8TK7GH85o
11:36:03 [INFO] Video: /workspace/user_data/verify-ascend-2026-08-10/videomme-data/uC8TK7GH85o.mp4, backend=ffmpeg, sample_fps=1.000, frames=2, total=2, raw_fps=1.000
11:36:03 [INFO] Prepared 2 frames for video uC8TK7GH85o
11:36:04 [INFO] Video: /workspace/user_data/verify-ascend-2026-08-10/videomme-data/zxKPjD8urG4.mp4, backend=ffmpeg, sample_fps=1.000, frames=2, total=2, raw_fps=1.000
11:36:04 [INFO] Prepared 2 frames for video zxKPjD8urG4
11:36:04 [INFO] Video: /workspace/user_data/verify-ascend-2026-08-10/videomme-data/zxKPjD8urG4.mp4, backend=ffmpeg, sample_fps=1.000, frames=2, total=2, raw_fps=1.000
11:36:04 [INFO] Prepared 2 frames for video zxKPjD8urG4
11:36:05 [INFO] Video: /workspace/user_data/verify-ascend-2026-08-10/videomme-data/zxKPjD8urG4.mp4, backend=ffmpeg, sample_fps=1.000, frames=2, total=2, raw_fps=1.000
11:36:05 [INFO] Prepared 2 frames for video zxKPjD8urG4
11:36:06 [INFO] Video: /workspace/user_data/verify-ascend-2026-08-10/videomme-data/BoBapnk6TB8.mp4, backend=ffmpeg, sample_fps=1.000, frames=2, total=2, raw_fps=1.000
11:36:06 [INFO] Prepared 2 frames for video BoBapnk6TB8
11:36:07 [INFO] Video: /workspace/user_data/verify-ascend-2026-08-10/videomme-data/BoBapnk6TB8.mp4, backend=ffmpeg, sample_fps=1.000, frames=2, total=2, raw_fps=1.000
11:36:07 [INFO] Prepared 2 frames for video BoBapnk6TB8
11:36:07 [INFO] Video: /workspace/user_data/verify-ascend-2026-08-10/videomme-data/BoBapnk6TB8.mp4, backend=ffmpeg, sample_fps=1.000, frames=2, total=2, raw_fps=1.000
11:36:08 [INFO] Prepared 2 frames for video BoBapnk6TB8
11:36:08 [INFO] [frames=2] 90/99 done (correct so far=36)
11:36:08 [INFO] Video: /workspace/user_data/verify-ascend-2026-08-10/videomme-data/HProiNnmGwI.mp4, backend=ffmpeg, sample_fps=1.000, frames=2, total=2, raw_fps=1.000
11:36:08 [INFO] Prepared 2 frames for video HProiNnmGwI
11:36:09 [INFO] Video: /workspace/user_data/verify-ascend-2026-08-10/videomme-data/HProiNnmGwI.mp4, backend=ffmpeg, sample_fps=1.000, frames=2, total=2, raw_fps=1.000
11:36:09 [INFO] Prepared 2 frames for video HProiNnmGwI
11:36:10 [INFO] Video: /workspace/user_data/verify-ascend-2026-08-10/videomme-data/HProiNnmGwI.mp4, backend=ffmpeg, sample_fps=1.000, frames=2, total=2, raw_fps=1.000
11:36:10 [INFO] Prepared 2 frames for video HProiNnmGwI
11:36:11 [INFO] Video: /workspace/user_data/verify-ascend-2026-08-10/videomme-data/O7zcPvQDIMU.mp4, backend=ffmpeg, sample_fps=1.000, frames=2, total=2, raw_fps=1.000
11:36:11 [INFO] Prepared 2 frames for video O7zcPvQDIMU
11:36:11 [INFO] Video: /workspace/user_data/verify-ascend-2026-08-10/videomme-data/O7zcPvQDIMU.mp4, backend=ffmpeg, sample_fps=1.000, frames=2, total=2, raw_fps=1.000
11:36:12 [INFO] Prepared 2 frames for video O7zcPvQDIMU
11:36:12 [INFO] Video: /workspace/user_data/verify-ascend-2026-08-10/videomme-data/O7zcPvQDIMU.mp4, backend=ffmpeg, sample_fps=1.000, frames=2, total=2, raw_fps=1.000
11:36:12 [INFO] Prepared 2 frames for video O7zcPvQDIMU
11:36:13 [INFO] Video: /workspace/user_data/verify-ascend-2026-08-10/videomme-data/H8fGd3fCJbg.mp4, backend=ffmpeg, sample_fps=1.000, frames=2, total=2, raw_fps=1.000
11:36:13 [INFO] Prepared 2 frames for video H8fGd3fCJbg
11:36:14 [INFO] Video: /workspace/user_data/verify-ascend-2026-08-10/videomme-data/H8fGd3fCJbg.mp4, backend=ffmpeg, sample_fps=1.000, frames=2, total=2, raw_fps=1.000
11:36:14 [INFO] Prepared 2 frames for video H8fGd3fCJbg
11:36:15 [INFO] Video: /workspace/user_data/verify-ascend-2026-08-10/videomme-data/H8fGd3fCJbg.mp4, backend=ffmpeg, sample_fps=1.000, frames=2, total=2, raw_fps=1.000
11:36:15 [INFO] Prepared 2 frames for video H8fGd3fCJbg
11:36:15 [INFO] [frames=2] 99/99 done (correct so far=40)
11:36:19 [INFO] [frames=2] FINISHED correct=40/99
11:36:19 [INFO] [GPU 0] launching CLI: /workspace/user_data/claude_code/minicpm-ascend-challenge/code/llama.cpp-omni/build-cann/bin/llama-omni-eval-cli -m /workspace/shared_assets/models/OpenBMB/MiniCPM-o-4_5-gguf/MiniCPM-o-4_5-F16.gguf -c 40960 -ngl 999 --max-slice-nums 0 --n-predict 100 --temp 0.2 --top-p 0.8 --top-k 100 --repeat-penalty 1.02  (log: /workspace/user_data/claude_code/minicpm-ascend-challenge/benchmark/video-mme-cookbook/log/cli_gpu0.log)
11:36:26 [INFO] [GPU 0] CLI ready，耗时 6.7s
11:36:26 [INFO] [frames=5] CLI ready, running 99 questions ...
11:36:26 [INFO] Video: /workspace/user_data/verify-ascend-2026-08-10/videomme-data/fFjv93ACGo8.mp4, backend=ffmpeg, sample_fps=1.000, frames=5, total=5, raw_fps=1.000
11:36:26 [INFO] Prepared 5 frames for video fFjv93ACGo8
11:36:28 [INFO] Video: /workspace/user_data/verify-ascend-2026-08-10/videomme-data/fFjv93ACGo8.mp4, backend=ffmpeg, sample_fps=1.000, frames=5, total=5, raw_fps=1.000
11:36:28 [INFO] Prepared 5 frames for video fFjv93ACGo8
11:36:29 [INFO] Video: /workspace/user_data/verify-ascend-2026-08-10/videomme-data/fFjv93ACGo8.mp4, backend=ffmpeg, sample_fps=1.000, frames=5, total=5, raw_fps=1.000
11:36:29 [INFO] Prepared 5 frames for video fFjv93ACGo8
11:36:31 [INFO] Video: /workspace/user_data/verify-ascend-2026-08-10/videomme-data/N1cdUjctpG8.mp4, backend=ffmpeg, sample_fps=1.000, frames=5, total=5, raw_fps=1.000
11:36:31 [INFO] Prepared 5 frames for video N1cdUjctpG8
11:36:32 [INFO] Video: /workspace/user_data/verify-ascend-2026-08-10/videomme-data/N1cdUjctpG8.mp4, backend=ffmpeg, sample_fps=1.000, frames=5, total=5, raw_fps=1.000
11:36:32 [INFO] Prepared 5 frames for video N1cdUjctpG8
11:36:33 [INFO] Video: /workspace/user_data/verify-ascend-2026-08-10/videomme-data/N1cdUjctpG8.mp4, backend=ffmpeg, sample_fps=1.000, frames=5, total=5, raw_fps=1.000
11:36:34 [INFO] Prepared 5 frames for video N1cdUjctpG8
11:36:35 [INFO] Video: /workspace/user_data/verify-ascend-2026-08-10/videomme-data/HIjX8OPuf-w.mp4, backend=ffmpeg, sample_fps=1.000, frames=5, total=5, raw_fps=1.000
11:36:35 [INFO] Prepared 5 frames for video HIjX8OPuf-w
11:36:36 [INFO] Video: /workspace/user_data/verify-ascend-2026-08-10/videomme-data/HIjX8OPuf-w.mp4, backend=ffmpeg, sample_fps=1.000, frames=5, total=5, raw_fps=1.000
11:36:36 [INFO] Prepared 5 frames for video HIjX8OPuf-w
11:36:37 [INFO] Video: /workspace/user_data/verify-ascend-2026-08-10/videomme-data/HIjX8OPuf-w.mp4, backend=ffmpeg, sample_fps=1.000, frames=5, total=5, raw_fps=1.000
11:36:37 [INFO] Prepared 5 frames for video HIjX8OPuf-w
11:36:39 [INFO] Video: /workspace/user_data/verify-ascend-2026-08-10/videomme-data/HwnB8aCn8yE.mp4, backend=ffmpeg, sample_fps=1.000, frames=5, total=5, raw_fps=1.000
11:36:39 [INFO] Prepared 5 frames for video HwnB8aCn8yE
11:36:40 [INFO] [frames=5] 10/99 done (correct so far=4)
11:36:40 [INFO] Video: /workspace/user_data/verify-ascend-2026-08-10/videomme-data/HwnB8aCn8yE.mp4, backend=ffmpeg, sample_fps=1.000, frames=5, total=5, raw_fps=1.000
11:36:40 [INFO] Prepared 5 frames for video HwnB8aCn8yE
11:36:41 [INFO] Video: /workspace/user_data/verify-ascend-2026-08-10/videomme-data/HwnB8aCn8yE.mp4, backend=ffmpeg, sample_fps=1.000, frames=5, total=5, raw_fps=1.000
11:36:41 [INFO] Prepared 5 frames for video HwnB8aCn8yE
11:36:42 [INFO] Video: /workspace/user_data/verify-ascend-2026-08-10/videomme-data/24i4ncHuf6A.mp4, backend=ffmpeg, sample_fps=1.000, frames=5, total=5, raw_fps=1.000
11:36:43 [INFO] Prepared 5 frames for video 24i4ncHuf6A
11:36:44 [INFO] Video: /workspace/user_data/verify-ascend-2026-08-10/videomme-data/24i4ncHuf6A.mp4, backend=ffmpeg, sample_fps=1.000, frames=5, total=5, raw_fps=1.000
11:36:44 [INFO] Prepared 5 frames for video 24i4ncHuf6A
11:36:45 [INFO] Video: /workspace/user_data/verify-ascend-2026-08-10/videomme-data/24i4ncHuf6A.mp4, backend=ffmpeg, sample_fps=1.000, frames=5, total=5, raw_fps=1.000
11:36:45 [INFO] Prepared 5 frames for video 24i4ncHuf6A
11:36:46 [INFO] Video: /workspace/user_data/verify-ascend-2026-08-10/videomme-data/40BlVzjxu-I.mp4, backend=ffmpeg, sample_fps=1.000, frames=5, total=5, raw_fps=1.000
11:36:46 [INFO] Prepared 5 frames for video 40BlVzjxu-I
11:36:48 [INFO] Video: /workspace/user_data/verify-ascend-2026-08-10/videomme-data/40BlVzjxu-I.mp4, backend=ffmpeg, sample_fps=1.000, frames=5, total=5, raw_fps=1.000
11:36:48 [INFO] Prepared 5 frames for video 40BlVzjxu-I
11:36:49 [INFO] Video: /workspace/user_data/verify-ascend-2026-08-10/videomme-data/40BlVzjxu-I.mp4, backend=ffmpeg, sample_fps=1.000, frames=5, total=5, raw_fps=1.000
11:36:49 [INFO] Prepared 5 frames for video 40BlVzjxu-I
11:36:50 [INFO] Video: /workspace/user_data/verify-ascend-2026-08-10/videomme-data/0ay2Qy3wBe8.mp4, backend=ffmpeg, sample_fps=1.000, frames=5, total=5, raw_fps=1.000
11:36:51 [INFO] Prepared 5 frames for video 0ay2Qy3wBe8
11:36:52 [INFO] Video: /workspace/user_data/verify-ascend-2026-08-10/videomme-data/0ay2Qy3wBe8.mp4, backend=ffmpeg, sample_fps=1.000, frames=5, total=5, raw_fps=1.000
11:36:52 [INFO] Prepared 5 frames for video 0ay2Qy3wBe8
11:36:53 [INFO] [frames=5] 20/99 done (correct so far=8)
11:36:53 [INFO] Video: /workspace/user_data/verify-ascend-2026-08-10/videomme-data/0ay2Qy3wBe8.mp4, backend=ffmpeg, sample_fps=1.000, frames=5, total=5, raw_fps=1.000
11:36:53 [INFO] Prepared 5 frames for video 0ay2Qy3wBe8
11:36:54 [INFO] Video: /workspace/user_data/verify-ascend-2026-08-10/videomme-data/_tvmjsKXTu8.mp4, backend=ffmpeg, sample_fps=1.000, frames=5, total=5, raw_fps=1.000
11:36:54 [INFO] Prepared 5 frames for video _tvmjsKXTu8
11:36:55 [INFO] Video: /workspace/user_data/verify-ascend-2026-08-10/videomme-data/_tvmjsKXTu8.mp4, backend=ffmpeg, sample_fps=1.000, frames=5, total=5, raw_fps=1.000
11:36:56 [INFO] Prepared 5 frames for video _tvmjsKXTu8
11:36:57 [INFO] Video: /workspace/user_data/verify-ascend-2026-08-10/videomme-data/_tvmjsKXTu8.mp4, backend=ffmpeg, sample_fps=1.000, frames=5, total=5, raw_fps=1.000
11:36:57 [INFO] Prepared 5 frames for video _tvmjsKXTu8
11:36:58 [INFO] Video: /workspace/user_data/verify-ascend-2026-08-10/videomme-data/sUDY-SMREtA.mp4, backend=ffmpeg, sample_fps=1.000, frames=5, total=5, raw_fps=1.000
11:36:58 [INFO] Prepared 5 frames for video sUDY-SMREtA
11:36:59 [INFO] Video: /workspace/user_data/verify-ascend-2026-08-10/videomme-data/sUDY-SMREtA.mp4, backend=ffmpeg, sample_fps=1.000, frames=5, total=5, raw_fps=1.000
11:37:00 [INFO] Prepared 5 frames for video sUDY-SMREtA
11:37:01 [INFO] Video: /workspace/user_data/verify-ascend-2026-08-10/videomme-data/sUDY-SMREtA.mp4, backend=ffmpeg, sample_fps=1.000, frames=5, total=5, raw_fps=1.000
11:37:01 [INFO] Prepared 5 frames for video sUDY-SMREtA
11:37:02 [INFO] Video: /workspace/user_data/verify-ascend-2026-08-10/videomme-data/PSt_op3fQck.mp4, backend=ffmpeg, sample_fps=1.000, frames=5, total=5, raw_fps=1.000
11:37:02 [INFO] Prepared 5 frames for video PSt_op3fQck
11:37:03 [INFO] Video: /workspace/user_data/verify-ascend-2026-08-10/videomme-data/PSt_op3fQck.mp4, backend=ffmpeg, sample_fps=1.000, frames=5, total=5, raw_fps=1.000
11:37:04 [INFO] Prepared 5 frames for video PSt_op3fQck
11:37:05 [INFO] Video: /workspace/user_data/verify-ascend-2026-08-10/videomme-data/PSt_op3fQck.mp4, backend=ffmpeg, sample_fps=1.000, frames=5, total=5, raw_fps=1.000
11:37:05 [INFO] Prepared 5 frames for video PSt_op3fQck
11:37:06 [INFO] [frames=5] 30/99 done (correct so far=12)
11:37:06 [INFO] Video: /workspace/user_data/verify-ascend-2026-08-10/videomme-data/OE5S-NbNsro.mp4, backend=ffmpeg, sample_fps=1.000, frames=5, total=5, raw_fps=1.000
11:37:06 [INFO] Prepared 5 frames for video OE5S-NbNsro
11:37:07 [INFO] Video: /workspace/user_data/verify-ascend-2026-08-10/videomme-data/OE5S-NbNsro.mp4, backend=ffmpeg, sample_fps=1.000, frames=5, total=5, raw_fps=1.000
11:37:07 [INFO] Prepared 5 frames for video OE5S-NbNsro
11:37:09 [INFO] Video: /workspace/user_data/verify-ascend-2026-08-10/videomme-data/OE5S-NbNsro.mp4, backend=ffmpeg, sample_fps=1.000, frames=5, total=5, raw_fps=1.000
11:37:09 [INFO] Prepared 5 frames for video OE5S-NbNsro
11:37:10 [INFO] Video: /workspace/user_data/verify-ascend-2026-08-10/videomme-data/dphq5X-rMew.mp4, backend=ffmpeg, sample_fps=1.000, frames=5, total=5, raw_fps=1.000
11:37:10 [INFO] Prepared 5 frames for video dphq5X-rMew
11:37:11 [INFO] Video: /workspace/user_data/verify-ascend-2026-08-10/videomme-data/dphq5X-rMew.mp4, backend=ffmpeg, sample_fps=1.000, frames=5, total=5, raw_fps=1.000
11:37:12 [INFO] Prepared 5 frames for video dphq5X-rMew
11:37:13 [INFO] Video: /workspace/user_data/verify-ascend-2026-08-10/videomme-data/dphq5X-rMew.mp4, backend=ffmpeg, sample_fps=1.000, frames=5, total=5, raw_fps=1.000
11:37:13 [INFO] Prepared 5 frames for video dphq5X-rMew
11:37:14 [INFO] Video: /workspace/user_data/verify-ascend-2026-08-10/videomme-data/K64wRD8eaus.mp4, backend=ffmpeg, sample_fps=1.000, frames=5, total=5, raw_fps=1.000
11:37:14 [INFO] Prepared 5 frames for video K64wRD8eaus
11:37:16 [INFO] Video: /workspace/user_data/verify-ascend-2026-08-10/videomme-data/K64wRD8eaus.mp4, backend=ffmpeg, sample_fps=1.000, frames=5, total=5, raw_fps=1.000
11:37:16 [INFO] Prepared 5 frames for video K64wRD8eaus
11:37:17 [INFO] Video: /workspace/user_data/verify-ascend-2026-08-10/videomme-data/K64wRD8eaus.mp4, backend=ffmpeg, sample_fps=1.000, frames=5, total=5, raw_fps=1.000
11:37:17 [INFO] Prepared 5 frames for video K64wRD8eaus
11:37:18 [INFO] Video: /workspace/user_data/verify-ascend-2026-08-10/videomme-data/kSBB5PsRV-k.mp4, backend=ffmpeg, sample_fps=1.000, frames=5, total=5, raw_fps=1.000
11:37:18 [INFO] Prepared 5 frames for video kSBB5PsRV-k
11:37:19 [INFO] [frames=5] 40/99 done (correct so far=18)
11:37:20 [INFO] Video: /workspace/user_data/verify-ascend-2026-08-10/videomme-data/kSBB5PsRV-k.mp4, backend=ffmpeg, sample_fps=1.000, frames=5, total=5, raw_fps=1.000
11:37:20 [INFO] Prepared 5 frames for video kSBB5PsRV-k
11:37:21 [INFO] Video: /workspace/user_data/verify-ascend-2026-08-10/videomme-data/kSBB5PsRV-k.mp4, backend=ffmpeg, sample_fps=1.000, frames=5, total=5, raw_fps=1.000
11:37:21 [INFO] Prepared 5 frames for video kSBB5PsRV-k
11:37:22 [INFO] Video: /workspace/user_data/verify-ascend-2026-08-10/videomme-data/QTA8j5wSTx4.mp4, backend=ffmpeg, sample_fps=1.000, frames=5, total=5, raw_fps=1.000
11:37:22 [INFO] Prepared 5 frames for video QTA8j5wSTx4
11:37:24 [INFO] Video: /workspace/user_data/verify-ascend-2026-08-10/videomme-data/QTA8j5wSTx4.mp4, backend=ffmpeg, sample_fps=1.000, frames=5, total=5, raw_fps=1.000
11:37:24 [INFO] Prepared 5 frames for video QTA8j5wSTx4
11:37:25 [INFO] Video: /workspace/user_data/verify-ascend-2026-08-10/videomme-data/QTA8j5wSTx4.mp4, backend=ffmpeg, sample_fps=1.000, frames=5, total=5, raw_fps=1.000
11:37:25 [INFO] Prepared 5 frames for video QTA8j5wSTx4
11:37:26 [INFO] Video: /workspace/user_data/verify-ascend-2026-08-10/videomme-data/tuZcS2Flabw.mp4, backend=ffmpeg, sample_fps=1.000, frames=5, total=5, raw_fps=1.000
11:37:26 [INFO] Prepared 5 frames for video tuZcS2Flabw
11:37:27 [INFO] Video: /workspace/user_data/verify-ascend-2026-08-10/videomme-data/tuZcS2Flabw.mp4, backend=ffmpeg, sample_fps=1.000, frames=5, total=5, raw_fps=1.000
11:37:28 [INFO] Prepared 5 frames for video tuZcS2Flabw
11:37:29 [INFO] Video: /workspace/user_data/verify-ascend-2026-08-10/videomme-data/tuZcS2Flabw.mp4, backend=ffmpeg, sample_fps=1.000, frames=5, total=5, raw_fps=1.000
11:37:29 [INFO] Prepared 5 frames for video tuZcS2Flabw
11:37:32 [INFO] Video: /workspace/user_data/verify-ascend-2026-08-10/videomme-data/s_TGkDcjBqI.mp4, backend=ffmpeg, sample_fps=1.000, frames=5, total=5, raw_fps=1.000
11:37:32 [INFO] Prepared 5 frames for video s_TGkDcjBqI
11:37:35 [INFO] Video: /workspace/user_data/verify-ascend-2026-08-10/videomme-data/s_TGkDcjBqI.mp4, backend=ffmpeg, sample_fps=1.000, frames=5, total=5, raw_fps=1.000
11:37:36 [INFO] Prepared 5 frames for video s_TGkDcjBqI
11:37:39 [INFO] [frames=5] 50/99 done (correct so far=18)
11:37:39 [INFO] Video: /workspace/user_data/verify-ascend-2026-08-10/videomme-data/s_TGkDcjBqI.mp4, backend=ffmpeg, sample_fps=1.000, frames=5, total=5, raw_fps=1.000
11:37:39 [INFO] Prepared 5 frames for video s_TGkDcjBqI
11:37:42 [INFO] Video: /workspace/user_data/verify-ascend-2026-08-10/videomme-data/8l1NyR6UvxU.mp4, backend=ffmpeg, sample_fps=1.000, frames=5, total=5, raw_fps=1.000
11:37:42 [INFO] Prepared 5 frames for video 8l1NyR6UvxU
11:37:45 [INFO] Video: /workspace/user_data/verify-ascend-2026-08-10/videomme-data/8l1NyR6UvxU.mp4, backend=ffmpeg, sample_fps=1.000, frames=5, total=5, raw_fps=1.000
11:37:46 [INFO] Prepared 5 frames for video 8l1NyR6UvxU
11:37:49 [INFO] Video: /workspace/user_data/verify-ascend-2026-08-10/videomme-data/8l1NyR6UvxU.mp4, backend=ffmpeg, sample_fps=1.000, frames=5, total=5, raw_fps=1.000
11:37:49 [INFO] Prepared 5 frames for video 8l1NyR6UvxU
11:37:52 [INFO] Video: /workspace/user_data/verify-ascend-2026-08-10/videomme-data/wgPymD-NBQU.mp4, backend=ffmpeg, sample_fps=1.000, frames=5, total=5, raw_fps=1.000
11:37:52 [INFO] Prepared 5 frames for video wgPymD-NBQU
11:37:56 [INFO] Video: /workspace/user_data/verify-ascend-2026-08-10/videomme-data/wgPymD-NBQU.mp4, backend=ffmpeg, sample_fps=1.000, frames=5, total=5, raw_fps=1.000
11:37:56 [INFO] Prepared 5 frames for video wgPymD-NBQU
11:37:59 [INFO] Video: /workspace/user_data/verify-ascend-2026-08-10/videomme-data/wgPymD-NBQU.mp4, backend=ffmpeg, sample_fps=1.000, frames=5, total=5, raw_fps=1.000
11:37:59 [INFO] Prepared 5 frames for video wgPymD-NBQU
11:38:02 [INFO] Video: /workspace/user_data/verify-ascend-2026-08-10/videomme-data/tjrvKA4w9-Y.mp4, backend=ffmpeg, sample_fps=1.000, frames=5, total=5, raw_fps=1.000
11:38:02 [INFO] Prepared 5 frames for video tjrvKA4w9-Y
11:38:06 [INFO] Video: /workspace/user_data/verify-ascend-2026-08-10/videomme-data/tjrvKA4w9-Y.mp4, backend=ffmpeg, sample_fps=1.000, frames=5, total=5, raw_fps=1.000
11:38:06 [INFO] Prepared 5 frames for video tjrvKA4w9-Y
11:38:09 [INFO] Video: /workspace/user_data/verify-ascend-2026-08-10/videomme-data/tjrvKA4w9-Y.mp4, backend=ffmpeg, sample_fps=1.000, frames=5, total=5, raw_fps=1.000
11:38:09 [INFO] Prepared 5 frames for video tjrvKA4w9-Y
11:38:12 [INFO] [frames=5] 60/99 done (correct so far=18)
11:38:12 [INFO] Video: /workspace/user_data/verify-ascend-2026-08-10/videomme-data/A9fQPzZ1-hg.mp4, backend=ffmpeg, sample_fps=1.000, frames=5, total=5, raw_fps=1.000
11:38:12 [INFO] Prepared 5 frames for video A9fQPzZ1-hg
11:38:16 [INFO] Video: /workspace/user_data/verify-ascend-2026-08-10/videomme-data/A9fQPzZ1-hg.mp4, backend=ffmpeg, sample_fps=1.000, frames=5, total=5, raw_fps=1.000
11:38:16 [INFO] Prepared 5 frames for video A9fQPzZ1-hg
11:38:19 [INFO] Video: /workspace/user_data/verify-ascend-2026-08-10/videomme-data/A9fQPzZ1-hg.mp4, backend=ffmpeg, sample_fps=1.000, frames=5, total=5, raw_fps=1.000
11:38:19 [INFO] Prepared 5 frames for video A9fQPzZ1-hg
11:38:22 [INFO] Video: /workspace/user_data/verify-ascend-2026-08-10/videomme-data/4jmMWohs1XM.mp4, backend=ffmpeg, sample_fps=1.000, frames=5, total=5, raw_fps=1.000
11:38:22 [INFO] Prepared 5 frames for video 4jmMWohs1XM
11:38:26 [INFO] Video: /workspace/user_data/verify-ascend-2026-08-10/videomme-data/4jmMWohs1XM.mp4, backend=ffmpeg, sample_fps=1.000, frames=5, total=5, raw_fps=1.000
11:38:26 [INFO] Prepared 5 frames for video 4jmMWohs1XM
11:38:29 [INFO] Video: /workspace/user_data/verify-ascend-2026-08-10/videomme-data/4jmMWohs1XM.mp4, backend=ffmpeg, sample_fps=1.000, frames=5, total=5, raw_fps=1.000
11:38:29 [INFO] Prepared 5 frames for video 4jmMWohs1XM
11:38:32 [INFO] Video: /workspace/user_data/verify-ascend-2026-08-10/videomme-data/TGom0uiW130.mp4, backend=ffmpeg, sample_fps=1.000, frames=5, total=5, raw_fps=1.000
11:38:33 [INFO] Prepared 5 frames for video TGom0uiW130
11:38:36 [INFO] Video: /workspace/user_data/verify-ascend-2026-08-10/videomme-data/TGom0uiW130.mp4, backend=ffmpeg, sample_fps=1.000, frames=5, total=5, raw_fps=1.000
11:38:36 [INFO] Prepared 5 frames for video TGom0uiW130
11:38:39 [INFO] Video: /workspace/user_data/verify-ascend-2026-08-10/videomme-data/TGom0uiW130.mp4, backend=ffmpeg, sample_fps=1.000, frames=5, total=5, raw_fps=1.000
11:38:39 [INFO] Prepared 5 frames for video TGom0uiW130
11:38:43 [INFO] Video: /workspace/user_data/verify-ascend-2026-08-10/videomme-data/w0Wmc8C0Eq0.mp4, backend=ffmpeg, sample_fps=1.000, frames=5, total=5, raw_fps=1.000
11:38:43 [INFO] Prepared 5 frames for video w0Wmc8C0Eq0
11:38:46 [INFO] [frames=5] 70/99 done (correct so far=18)
11:38:46 [INFO] Video: /workspace/user_data/verify-ascend-2026-08-10/videomme-data/w0Wmc8C0Eq0.mp4, backend=ffmpeg, sample_fps=1.000, frames=5, total=5, raw_fps=1.000
11:38:46 [INFO] Prepared 5 frames for video w0Wmc8C0Eq0
11:38:49 [INFO] Video: /workspace/user_data/verify-ascend-2026-08-10/videomme-data/w0Wmc8C0Eq0.mp4, backend=ffmpeg, sample_fps=1.000, frames=5, total=5, raw_fps=1.000
11:38:49 [INFO] Prepared 5 frames for video w0Wmc8C0Eq0
11:38:53 [INFO] Video: /workspace/user_data/verify-ascend-2026-08-10/videomme-data/7D-gxaie6UI.mp4, backend=ffmpeg, sample_fps=1.000, frames=5, total=5, raw_fps=1.000
11:38:53 [INFO] Prepared 5 frames for video 7D-gxaie6UI
11:38:56 [INFO] Video: /workspace/user_data/verify-ascend-2026-08-10/videomme-data/7D-gxaie6UI.mp4, backend=ffmpeg, sample_fps=1.000, frames=5, total=5, raw_fps=1.000
11:38:56 [INFO] Prepared 5 frames for video 7D-gxaie6UI
11:38:59 [INFO] Video: /workspace/user_data/verify-ascend-2026-08-10/videomme-data/7D-gxaie6UI.mp4, backend=ffmpeg, sample_fps=1.000, frames=5, total=5, raw_fps=1.000
11:38:59 [INFO] Prepared 5 frames for video 7D-gxaie6UI
11:39:03 [INFO] Video: /workspace/user_data/verify-ascend-2026-08-10/videomme-data/0RxMZBLeqRI.mp4, backend=ffmpeg, sample_fps=1.000, frames=5, total=5, raw_fps=1.000
11:39:03 [INFO] Prepared 5 frames for video 0RxMZBLeqRI
11:39:06 [INFO] Video: /workspace/user_data/verify-ascend-2026-08-10/videomme-data/0RxMZBLeqRI.mp4, backend=ffmpeg, sample_fps=1.000, frames=5, total=5, raw_fps=1.000
11:39:06 [INFO] Prepared 5 frames for video 0RxMZBLeqRI
11:39:09 [INFO] Video: /workspace/user_data/verify-ascend-2026-08-10/videomme-data/0RxMZBLeqRI.mp4, backend=ffmpeg, sample_fps=1.000, frames=5, total=5, raw_fps=1.000
11:39:09 [INFO] Prepared 5 frames for video 0RxMZBLeqRI
11:39:12 [INFO] Video: /workspace/user_data/verify-ascend-2026-08-10/videomme-data/xKiRmesHWIA.mp4, backend=ffmpeg, sample_fps=1.000, frames=5, total=5, raw_fps=1.000
11:39:13 [INFO] Prepared 5 frames for video xKiRmesHWIA
11:39:16 [INFO] Video: /workspace/user_data/verify-ascend-2026-08-10/videomme-data/xKiRmesHWIA.mp4, backend=ffmpeg, sample_fps=1.000, frames=5, total=5, raw_fps=1.000
11:39:16 [INFO] Prepared 5 frames for video xKiRmesHWIA
11:39:19 [INFO] [frames=5] 80/99 done (correct so far=18)
11:39:19 [INFO] Video: /workspace/user_data/verify-ascend-2026-08-10/videomme-data/xKiRmesHWIA.mp4, backend=ffmpeg, sample_fps=1.000, frames=5, total=5, raw_fps=1.000
11:39:19 [INFO] Prepared 5 frames for video xKiRmesHWIA
11:39:22 [INFO] Video: /workspace/user_data/verify-ascend-2026-08-10/videomme-data/uC8TK7GH85o.mp4, backend=ffmpeg, sample_fps=1.000, frames=5, total=5, raw_fps=1.000
11:39:23 [INFO] Prepared 5 frames for video uC8TK7GH85o
11:39:26 [INFO] Video: /workspace/user_data/verify-ascend-2026-08-10/videomme-data/uC8TK7GH85o.mp4, backend=ffmpeg, sample_fps=1.000, frames=5, total=5, raw_fps=1.000
11:39:26 [INFO] Prepared 5 frames for video uC8TK7GH85o
11:39:29 [INFO] Video: /workspace/user_data/verify-ascend-2026-08-10/videomme-data/uC8TK7GH85o.mp4, backend=ffmpeg, sample_fps=1.000, frames=5, total=5, raw_fps=1.000
11:39:29 [INFO] Prepared 5 frames for video uC8TK7GH85o
11:39:33 [INFO] Video: /workspace/user_data/verify-ascend-2026-08-10/videomme-data/zxKPjD8urG4.mp4, backend=ffmpeg, sample_fps=1.000, frames=5, total=5, raw_fps=1.000
11:39:33 [INFO] Prepared 5 frames for video zxKPjD8urG4
11:39:36 [INFO] Video: /workspace/user_data/verify-ascend-2026-08-10/videomme-data/zxKPjD8urG4.mp4, backend=ffmpeg, sample_fps=1.000, frames=5, total=5, raw_fps=1.000
11:39:36 [INFO] Prepared 5 frames for video zxKPjD8urG4
11:39:40 [INFO] Video: /workspace/user_data/verify-ascend-2026-08-10/videomme-data/zxKPjD8urG4.mp4, backend=ffmpeg, sample_fps=1.000, frames=5, total=5, raw_fps=1.000
11:39:40 [INFO] Prepared 5 frames for video zxKPjD8urG4
11:39:43 [INFO] Video: /workspace/user_data/verify-ascend-2026-08-10/videomme-data/BoBapnk6TB8.mp4, backend=ffmpeg, sample_fps=1.000, frames=5, total=5, raw_fps=1.000
11:39:43 [INFO] Prepared 5 frames for video BoBapnk6TB8
11:39:46 [INFO] Video: /workspace/user_data/verify-ascend-2026-08-10/videomme-data/BoBapnk6TB8.mp4, backend=ffmpeg, sample_fps=1.000, frames=5, total=5, raw_fps=1.000
11:39:46 [INFO] Prepared 5 frames for video BoBapnk6TB8
11:39:49 [INFO] Video: /workspace/user_data/verify-ascend-2026-08-10/videomme-data/BoBapnk6TB8.mp4, backend=ffmpeg, sample_fps=1.000, frames=5, total=5, raw_fps=1.000
11:39:49 [INFO] Prepared 5 frames for video BoBapnk6TB8
11:39:53 [INFO] [frames=5] 90/99 done (correct so far=18)
11:39:53 [INFO] Video: /workspace/user_data/verify-ascend-2026-08-10/videomme-data/HProiNnmGwI.mp4, backend=ffmpeg, sample_fps=1.000, frames=5, total=5, raw_fps=1.000
11:39:53 [INFO] Prepared 5 frames for video HProiNnmGwI
11:39:56 [INFO] Video: /workspace/user_data/verify-ascend-2026-08-10/videomme-data/HProiNnmGwI.mp4, backend=ffmpeg, sample_fps=1.000, frames=5, total=5, raw_fps=1.000
11:39:56 [INFO] Prepared 5 frames for video HProiNnmGwI
11:40:00 [INFO] Video: /workspace/user_data/verify-ascend-2026-08-10/videomme-data/HProiNnmGwI.mp4, backend=ffmpeg, sample_fps=1.000, frames=5, total=5, raw_fps=1.000
11:40:00 [INFO] Prepared 5 frames for video HProiNnmGwI
11:40:03 [INFO] Video: /workspace/user_data/verify-ascend-2026-08-10/videomme-data/O7zcPvQDIMU.mp4, backend=ffmpeg, sample_fps=1.000, frames=5, total=5, raw_fps=1.000
11:40:03 [INFO] Prepared 5 frames for video O7zcPvQDIMU
11:40:06 [INFO] Video: /workspace/user_data/verify-ascend-2026-08-10/videomme-data/O7zcPvQDIMU.mp4, backend=ffmpeg, sample_fps=1.000, frames=5, total=5, raw_fps=1.000
11:40:06 [INFO] Prepared 5 frames for video O7zcPvQDIMU
11:40:10 [INFO] Video: /workspace/user_data/verify-ascend-2026-08-10/videomme-data/O7zcPvQDIMU.mp4, backend=ffmpeg, sample_fps=1.000, frames=5, total=5, raw_fps=1.000
11:40:10 [INFO] Prepared 5 frames for video O7zcPvQDIMU
11:40:13 [INFO] Video: /workspace/user_data/verify-ascend-2026-08-10/videomme-data/H8fGd3fCJbg.mp4, backend=ffmpeg, sample_fps=1.000, frames=5, total=5, raw_fps=1.000
11:40:13 [INFO] Prepared 5 frames for video H8fGd3fCJbg
11:40:16 [INFO] Video: /workspace/user_data/verify-ascend-2026-08-10/videomme-data/H8fGd3fCJbg.mp4, backend=ffmpeg, sample_fps=1.000, frames=5, total=5, raw_fps=1.000
11:40:17 [INFO] Prepared 5 frames for video H8fGd3fCJbg
11:40:20 [INFO] Video: /workspace/user_data/verify-ascend-2026-08-10/videomme-data/H8fGd3fCJbg.mp4, backend=ffmpeg, sample_fps=1.000, frames=5, total=5, raw_fps=1.000
11:40:20 [INFO] Prepared 5 frames for video H8fGd3fCJbg
11:40:23 [INFO] [frames=5] 99/99 done (correct so far=18)
11:40:27 [INFO] [frames=5] FINISHED correct=18/99
11:40:27 [INFO] [GPU 0] launching CLI: /workspace/user_data/claude_code/minicpm-ascend-challenge/code/llama.cpp-omni/build-cann/bin/llama-omni-eval-cli -m /workspace/shared_assets/models/OpenBMB/MiniCPM-o-4_5-gguf/MiniCPM-o-4_5-F16.gguf -c 40960 -ngl 999 --max-slice-nums 0 --n-predict 100 --temp 0.2 --top-p 0.8 --top-k 100 --repeat-penalty 1.02  (log: /workspace/user_data/claude_code/minicpm-ascend-challenge/benchmark/video-mme-cookbook/log/cli_gpu0.log)
11:40:34 [INFO] [GPU 0] CLI ready，耗时 6.9s
11:40:34 [INFO] [frames=8] CLI ready, running 99 questions ...
11:40:34 [INFO] Video: /workspace/user_data/verify-ascend-2026-08-10/videomme-data/fFjv93ACGo8.mp4, backend=ffmpeg, sample_fps=1.000, frames=8, total=8, raw_fps=1.000
11:40:34 [INFO] Prepared 8 frames for video fFjv93ACGo8
11:40:39 [INFO] Video: /workspace/user_data/verify-ascend-2026-08-10/videomme-data/fFjv93ACGo8.mp4, backend=ffmpeg, sample_fps=1.000, frames=8, total=8, raw_fps=1.000
11:40:39 [INFO] Prepared 8 frames for video fFjv93ACGo8
11:40:43 [INFO] Video: /workspace/user_data/verify-ascend-2026-08-10/videomme-data/fFjv93ACGo8.mp4, backend=ffmpeg, sample_fps=1.000, frames=8, total=8, raw_fps=1.000
11:40:43 [INFO] Prepared 8 frames for video fFjv93ACGo8
11:40:47 [INFO] Video: /workspace/user_data/verify-ascend-2026-08-10/videomme-data/N1cdUjctpG8.mp4, backend=ffmpeg, sample_fps=1.000, frames=8, total=8, raw_fps=1.000
11:40:47 [INFO] Prepared 8 frames for video N1cdUjctpG8
11:40:51 [INFO] Video: /workspace/user_data/verify-ascend-2026-08-10/videomme-data/N1cdUjctpG8.mp4, backend=ffmpeg, sample_fps=1.000, frames=8, total=8, raw_fps=1.000
11:40:51 [INFO] Prepared 8 frames for video N1cdUjctpG8
11:40:55 [INFO] Video: /workspace/user_data/verify-ascend-2026-08-10/videomme-data/N1cdUjctpG8.mp4, backend=ffmpeg, sample_fps=1.000, frames=8, total=8, raw_fps=1.000
11:40:55 [INFO] Prepared 8 frames for video N1cdUjctpG8
11:40:59 [INFO] Video: /workspace/user_data/verify-ascend-2026-08-10/videomme-data/HIjX8OPuf-w.mp4, backend=ffmpeg, sample_fps=1.000, frames=8, total=8, raw_fps=1.000
11:40:59 [INFO] Prepared 8 frames for video HIjX8OPuf-w
11:41:02 [INFO] Video: /workspace/user_data/verify-ascend-2026-08-10/videomme-data/HIjX8OPuf-w.mp4, backend=ffmpeg, sample_fps=1.000, frames=8, total=8, raw_fps=1.000
11:41:02 [INFO] Prepared 8 frames for video HIjX8OPuf-w
11:41:06 [INFO] Video: /workspace/user_data/verify-ascend-2026-08-10/videomme-data/HIjX8OPuf-w.mp4, backend=ffmpeg, sample_fps=1.000, frames=8, total=8, raw_fps=1.000
11:41:06 [INFO] Prepared 8 frames for video HIjX8OPuf-w
11:41:10 [INFO] Video: /workspace/user_data/verify-ascend-2026-08-10/videomme-data/HwnB8aCn8yE.mp4, backend=ffmpeg, sample_fps=1.000, frames=8, total=8, raw_fps=1.000
11:41:10 [INFO] Prepared 8 frames for video HwnB8aCn8yE
11:41:14 [INFO] [frames=8] 10/99 done (correct so far=0)
11:41:14 [INFO] Video: /workspace/user_data/verify-ascend-2026-08-10/videomme-data/HwnB8aCn8yE.mp4, backend=ffmpeg, sample_fps=1.000, frames=8, total=8, raw_fps=1.000
11:41:14 [INFO] Prepared 8 frames for video HwnB8aCn8yE
11:41:18 [INFO] Video: /workspace/user_data/verify-ascend-2026-08-10/videomme-data/HwnB8aCn8yE.mp4, backend=ffmpeg, sample_fps=1.000, frames=8, total=8, raw_fps=1.000
11:41:18 [INFO] Prepared 8 frames for video HwnB8aCn8yE
11:41:21 [INFO] Video: /workspace/user_data/verify-ascend-2026-08-10/videomme-data/24i4ncHuf6A.mp4, backend=ffmpeg, sample_fps=1.000, frames=8, total=8, raw_fps=1.000
11:41:21 [INFO] Prepared 8 frames for video 24i4ncHuf6A
11:41:25 [INFO] Video: /workspace/user_data/verify-ascend-2026-08-10/videomme-data/24i4ncHuf6A.mp4, backend=ffmpeg, sample_fps=1.000, frames=8, total=8, raw_fps=1.000
11:41:25 [INFO] Prepared 8 frames for video 24i4ncHuf6A
11:41:29 [INFO] Video: /workspace/user_data/verify-ascend-2026-08-10/videomme-data/24i4ncHuf6A.mp4, backend=ffmpeg, sample_fps=1.000, frames=8, total=8, raw_fps=1.000
11:41:29 [INFO] Prepared 8 frames for video 24i4ncHuf6A
11:41:33 [INFO] Video: /workspace/user_data/verify-ascend-2026-08-10/videomme-data/40BlVzjxu-I.mp4, backend=ffmpeg, sample_fps=1.000, frames=8, total=8, raw_fps=1.000
11:41:33 [INFO] Prepared 8 frames for video 40BlVzjxu-I
11:41:37 [INFO] Video: /workspace/user_data/verify-ascend-2026-08-10/videomme-data/40BlVzjxu-I.mp4, backend=ffmpeg, sample_fps=1.000, frames=8, total=8, raw_fps=1.000
11:41:37 [INFO] Prepared 8 frames for video 40BlVzjxu-I
11:41:41 [INFO] Video: /workspace/user_data/verify-ascend-2026-08-10/videomme-data/40BlVzjxu-I.mp4, backend=ffmpeg, sample_fps=1.000, frames=8, total=8, raw_fps=1.000
11:41:41 [INFO] Prepared 8 frames for video 40BlVzjxu-I
11:41:45 [INFO] Video: /workspace/user_data/verify-ascend-2026-08-10/videomme-data/0ay2Qy3wBe8.mp4, backend=ffmpeg, sample_fps=1.000, frames=8, total=8, raw_fps=1.000
11:41:45 [INFO] Prepared 8 frames for video 0ay2Qy3wBe8
11:41:49 [INFO] Video: /workspace/user_data/verify-ascend-2026-08-10/videomme-data/0ay2Qy3wBe8.mp4, backend=ffmpeg, sample_fps=1.000, frames=8, total=8, raw_fps=1.000
11:41:49 [INFO] Prepared 8 frames for video 0ay2Qy3wBe8
11:41:52 [INFO] [frames=8] 20/99 done (correct so far=0)
11:41:52 [INFO] Video: /workspace/user_data/verify-ascend-2026-08-10/videomme-data/0ay2Qy3wBe8.mp4, backend=ffmpeg, sample_fps=1.000, frames=8, total=8, raw_fps=1.000
11:41:53 [INFO] Prepared 8 frames for video 0ay2Qy3wBe8
11:41:56 [INFO] Video: /workspace/user_data/verify-ascend-2026-08-10/videomme-data/_tvmjsKXTu8.mp4, backend=ffmpeg, sample_fps=1.000, frames=8, total=8, raw_fps=1.000
11:41:56 [INFO] Prepared 8 frames for video _tvmjsKXTu8
11:42:00 [INFO] Video: /workspace/user_data/verify-ascend-2026-08-10/videomme-data/_tvmjsKXTu8.mp4, backend=ffmpeg, sample_fps=1.000, frames=8, total=8, raw_fps=1.000
11:42:00 [INFO] Prepared 8 frames for video _tvmjsKXTu8
11:42:04 [INFO] Video: /workspace/user_data/verify-ascend-2026-08-10/videomme-data/_tvmjsKXTu8.mp4, backend=ffmpeg, sample_fps=1.000, frames=8, total=8, raw_fps=1.000
11:42:04 [INFO] Prepared 8 frames for video _tvmjsKXTu8
11:42:08 [INFO] Video: /workspace/user_data/verify-ascend-2026-08-10/videomme-data/sUDY-SMREtA.mp4, backend=ffmpeg, sample_fps=1.000, frames=8, total=8, raw_fps=1.000
11:42:08 [INFO] Prepared 8 frames for video sUDY-SMREtA
11:42:12 [INFO] Video: /workspace/user_data/verify-ascend-2026-08-10/videomme-data/sUDY-SMREtA.mp4, backend=ffmpeg, sample_fps=1.000, frames=8, total=8, raw_fps=1.000
11:42:12 [INFO] Prepared 8 frames for video sUDY-SMREtA
11:42:15 [INFO] Video: /workspace/user_data/verify-ascend-2026-08-10/videomme-data/sUDY-SMREtA.mp4, backend=ffmpeg, sample_fps=1.000, frames=8, total=8, raw_fps=1.000
11:42:15 [INFO] Prepared 8 frames for video sUDY-SMREtA
11:42:19 [INFO] Video: /workspace/user_data/verify-ascend-2026-08-10/videomme-data/PSt_op3fQck.mp4, backend=ffmpeg, sample_fps=1.000, frames=8, total=8, raw_fps=1.000
11:42:19 [INFO] Prepared 8 frames for video PSt_op3fQck
11:42:23 [INFO] Video: /workspace/user_data/verify-ascend-2026-08-10/videomme-data/PSt_op3fQck.mp4, backend=ffmpeg, sample_fps=1.000, frames=8, total=8, raw_fps=1.000
11:42:23 [INFO] Prepared 8 frames for video PSt_op3fQck
11:42:27 [INFO] Video: /workspace/user_data/verify-ascend-2026-08-10/videomme-data/PSt_op3fQck.mp4, backend=ffmpeg, sample_fps=1.000, frames=8, total=8, raw_fps=1.000
11:42:27 [INFO] Prepared 8 frames for video PSt_op3fQck
11:42:30 [INFO] [frames=8] 30/99 done (correct so far=0)
11:42:31 [INFO] Video: /workspace/user_data/verify-ascend-2026-08-10/videomme-data/OE5S-NbNsro.mp4, backend=ffmpeg, sample_fps=1.000, frames=8, total=8, raw_fps=1.000
11:42:31 [INFO] Prepared 8 frames for video OE5S-NbNsro
11:42:34 [INFO] Video: /workspace/user_data/verify-ascend-2026-08-10/videomme-data/OE5S-NbNsro.mp4, backend=ffmpeg, sample_fps=1.000, frames=8, total=8, raw_fps=1.000
11:42:34 [INFO] Prepared 8 frames for video OE5S-NbNsro
11:42:38 [INFO] Video: /workspace/user_data/verify-ascend-2026-08-10/videomme-data/OE5S-NbNsro.mp4, backend=ffmpeg, sample_fps=1.000, frames=8, total=8, raw_fps=1.000
11:42:38 [INFO] Prepared 8 frames for video OE5S-NbNsro
11:42:42 [INFO] Video: /workspace/user_data/verify-ascend-2026-08-10/videomme-data/dphq5X-rMew.mp4, backend=ffmpeg, sample_fps=1.000, frames=8, total=8, raw_fps=1.000
11:42:42 [INFO] Prepared 8 frames for video dphq5X-rMew
11:42:46 [INFO] Video: /workspace/user_data/verify-ascend-2026-08-10/videomme-data/dphq5X-rMew.mp4, backend=ffmpeg, sample_fps=1.000, frames=8, total=8, raw_fps=1.000
11:42:46 [INFO] Prepared 8 frames for video dphq5X-rMew
11:42:49 [INFO] Video: /workspace/user_data/verify-ascend-2026-08-10/videomme-data/dphq5X-rMew.mp4, backend=ffmpeg, sample_fps=1.000, frames=8, total=8, raw_fps=1.000
11:42:50 [INFO] Prepared 8 frames for video dphq5X-rMew
11:42:53 [INFO] Video: /workspace/user_data/verify-ascend-2026-08-10/videomme-data/K64wRD8eaus.mp4, backend=ffmpeg, sample_fps=1.000, frames=8, total=8, raw_fps=1.000
11:42:53 [INFO] Prepared 8 frames for video K64wRD8eaus
11:42:57 [INFO] Video: /workspace/user_data/verify-ascend-2026-08-10/videomme-data/K64wRD8eaus.mp4, backend=ffmpeg, sample_fps=1.000, frames=8, total=8, raw_fps=1.000
11:42:57 [INFO] Prepared 8 frames for video K64wRD8eaus
11:43:01 [INFO] Video: /workspace/user_data/verify-ascend-2026-08-10/videomme-data/K64wRD8eaus.mp4, backend=ffmpeg, sample_fps=1.000, frames=8, total=8, raw_fps=1.000
11:43:01 [INFO] Prepared 8 frames for video K64wRD8eaus
11:43:05 [INFO] Video: /workspace/user_data/verify-ascend-2026-08-10/videomme-data/kSBB5PsRV-k.mp4, backend=ffmpeg, sample_fps=1.000, frames=8, total=8, raw_fps=1.000
11:43:05 [INFO] Prepared 8 frames for video kSBB5PsRV-k
11:43:08 [INFO] [frames=8] 40/99 done (correct so far=0)
11:43:09 [INFO] Video: /workspace/user_data/verify-ascend-2026-08-10/videomme-data/kSBB5PsRV-k.mp4, backend=ffmpeg, sample_fps=1.000, frames=8, total=8, raw_fps=1.000
11:43:09 [INFO] Prepared 8 frames for video kSBB5PsRV-k
11:43:12 [INFO] Video: /workspace/user_data/verify-ascend-2026-08-10/videomme-data/kSBB5PsRV-k.mp4, backend=ffmpeg, sample_fps=1.000, frames=8, total=8, raw_fps=1.000
11:43:12 [INFO] Prepared 8 frames for video kSBB5PsRV-k
11:43:16 [INFO] Video: /workspace/user_data/verify-ascend-2026-08-10/videomme-data/QTA8j5wSTx4.mp4, backend=ffmpeg, sample_fps=1.000, frames=8, total=8, raw_fps=1.000
11:43:16 [INFO] Prepared 8 frames for video QTA8j5wSTx4
11:43:20 [INFO] Video: /workspace/user_data/verify-ascend-2026-08-10/videomme-data/QTA8j5wSTx4.mp4, backend=ffmpeg, sample_fps=1.000, frames=8, total=8, raw_fps=1.000
11:43:20 [INFO] Prepared 8 frames for video QTA8j5wSTx4
11:43:24 [INFO] Video: /workspace/user_data/verify-ascend-2026-08-10/videomme-data/QTA8j5wSTx4.mp4, backend=ffmpeg, sample_fps=1.000, frames=8, total=8, raw_fps=1.000
11:43:24 [INFO] Prepared 8 frames for video QTA8j5wSTx4
11:43:28 [INFO] Video: /workspace/user_data/verify-ascend-2026-08-10/videomme-data/tuZcS2Flabw.mp4, backend=ffmpeg, sample_fps=1.000, frames=8, total=8, raw_fps=1.000
11:43:28 [INFO] Prepared 8 frames for video tuZcS2Flabw
11:43:31 [INFO] Video: /workspace/user_data/verify-ascend-2026-08-10/videomme-data/tuZcS2Flabw.mp4, backend=ffmpeg, sample_fps=1.000, frames=8, total=8, raw_fps=1.000
11:43:32 [INFO] Prepared 8 frames for video tuZcS2Flabw
11:43:35 [INFO] Video: /workspace/user_data/verify-ascend-2026-08-10/videomme-data/tuZcS2Flabw.mp4, backend=ffmpeg, sample_fps=1.000, frames=8, total=8, raw_fps=1.000
11:43:35 [INFO] Prepared 8 frames for video tuZcS2Flabw
11:43:39 [INFO] Video: /workspace/user_data/verify-ascend-2026-08-10/videomme-data/s_TGkDcjBqI.mp4, backend=ffmpeg, sample_fps=1.000, frames=8, total=8, raw_fps=1.000
11:43:39 [INFO] Prepared 8 frames for video s_TGkDcjBqI
11:43:43 [INFO] Video: /workspace/user_data/verify-ascend-2026-08-10/videomme-data/s_TGkDcjBqI.mp4, backend=ffmpeg, sample_fps=1.000, frames=8, total=8, raw_fps=1.000
11:43:43 [INFO] Prepared 8 frames for video s_TGkDcjBqI
11:43:46 [INFO] [frames=8] 50/99 done (correct so far=0)
11:43:46 [INFO] Video: /workspace/user_data/verify-ascend-2026-08-10/videomme-data/s_TGkDcjBqI.mp4, backend=ffmpeg, sample_fps=1.000, frames=8, total=8, raw_fps=1.000
11:43:47 [INFO] Prepared 8 frames for video s_TGkDcjBqI
11:43:50 [INFO] Video: /workspace/user_data/verify-ascend-2026-08-10/videomme-data/8l1NyR6UvxU.mp4, backend=ffmpeg, sample_fps=1.000, frames=8, total=8, raw_fps=1.000
11:43:50 [INFO] Prepared 8 frames for video 8l1NyR6UvxU
11:43:54 [INFO] Video: /workspace/user_data/verify-ascend-2026-08-10/videomme-data/8l1NyR6UvxU.mp4, backend=ffmpeg, sample_fps=1.000, frames=8, total=8, raw_fps=1.000
11:43:54 [INFO] Prepared 8 frames for video 8l1NyR6UvxU
11:43:58 [INFO] Video: /workspace/user_data/verify-ascend-2026-08-10/videomme-data/8l1NyR6UvxU.mp4, backend=ffmpeg, sample_fps=1.000, frames=8, total=8, raw_fps=1.000
11:43:58 [INFO] Prepared 8 frames for video 8l1NyR6UvxU
11:44:01 [INFO] Video: /workspace/user_data/verify-ascend-2026-08-10/videomme-data/wgPymD-NBQU.mp4, backend=ffmpeg, sample_fps=1.000, frames=8, total=8, raw_fps=1.000
11:44:02 [INFO] Prepared 8 frames for video wgPymD-NBQU
11:44:05 [INFO] Video: /workspace/user_data/verify-ascend-2026-08-10/videomme-data/wgPymD-NBQU.mp4, backend=ffmpeg, sample_fps=1.000, frames=8, total=8, raw_fps=1.000
11:44:05 [INFO] Prepared 8 frames for video wgPymD-NBQU
11:44:09 [INFO] Video: /workspace/user_data/verify-ascend-2026-08-10/videomme-data/wgPymD-NBQU.mp4, backend=ffmpeg, sample_fps=1.000, frames=8, total=8, raw_fps=1.000
11:44:09 [INFO] Prepared 8 frames for video wgPymD-NBQU
11:44:13 [INFO] Video: /workspace/user_data/verify-ascend-2026-08-10/videomme-data/tjrvKA4w9-Y.mp4, backend=ffmpeg, sample_fps=1.000, frames=8, total=8, raw_fps=1.000
11:44:13 [INFO] Prepared 8 frames for video tjrvKA4w9-Y
11:44:17 [INFO] Video: /workspace/user_data/verify-ascend-2026-08-10/videomme-data/tjrvKA4w9-Y.mp4, backend=ffmpeg, sample_fps=1.000, frames=8, total=8, raw_fps=1.000
11:44:17 [INFO] Prepared 8 frames for video tjrvKA4w9-Y
11:44:20 [INFO] Video: /workspace/user_data/verify-ascend-2026-08-10/videomme-data/tjrvKA4w9-Y.mp4, backend=ffmpeg, sample_fps=1.000, frames=8, total=8, raw_fps=1.000
11:44:20 [INFO] Prepared 8 frames for video tjrvKA4w9-Y
11:44:24 [INFO] [frames=8] 60/99 done (correct so far=0)
11:44:24 [INFO] Video: /workspace/user_data/verify-ascend-2026-08-10/videomme-data/A9fQPzZ1-hg.mp4, backend=ffmpeg, sample_fps=1.000, frames=8, total=8, raw_fps=1.000
11:44:24 [INFO] Prepared 8 frames for video A9fQPzZ1-hg
11:44:28 [INFO] Video: /workspace/user_data/verify-ascend-2026-08-10/videomme-data/A9fQPzZ1-hg.mp4, backend=ffmpeg, sample_fps=1.000, frames=8, total=8, raw_fps=1.000
11:44:28 [INFO] Prepared 8 frames for video A9fQPzZ1-hg
11:44:32 [INFO] Video: /workspace/user_data/verify-ascend-2026-08-10/videomme-data/A9fQPzZ1-hg.mp4, backend=ffmpeg, sample_fps=1.000, frames=8, total=8, raw_fps=1.000
11:44:32 [INFO] Prepared 8 frames for video A9fQPzZ1-hg
11:44:35 [INFO] Video: /workspace/user_data/verify-ascend-2026-08-10/videomme-data/4jmMWohs1XM.mp4, backend=ffmpeg, sample_fps=1.000, frames=8, total=8, raw_fps=1.000
11:44:35 [INFO] Prepared 8 frames for video 4jmMWohs1XM
11:44:39 [INFO] Video: /workspace/user_data/verify-ascend-2026-08-10/videomme-data/4jmMWohs1XM.mp4, backend=ffmpeg, sample_fps=1.000, frames=8, total=8, raw_fps=1.000
11:44:39 [INFO] Prepared 8 frames for video 4jmMWohs1XM
11:44:43 [INFO] Video: /workspace/user_data/verify-ascend-2026-08-10/videomme-data/4jmMWohs1XM.mp4, backend=ffmpeg, sample_fps=1.000, frames=8, total=8, raw_fps=1.000
11:44:43 [INFO] Prepared 8 frames for video 4jmMWohs1XM
11:44:47 [INFO] Video: /workspace/user_data/verify-ascend-2026-08-10/videomme-data/TGom0uiW130.mp4, backend=ffmpeg, sample_fps=1.000, frames=8, total=8, raw_fps=1.000
11:44:47 [INFO] Prepared 8 frames for video TGom0uiW130
11:44:50 [INFO] Video: /workspace/user_data/verify-ascend-2026-08-10/videomme-data/TGom0uiW130.mp4, backend=ffmpeg, sample_fps=1.000, frames=8, total=8, raw_fps=1.000
11:44:51 [INFO] Prepared 8 frames for video TGom0uiW130
11:44:54 [INFO] Video: /workspace/user_data/verify-ascend-2026-08-10/videomme-data/TGom0uiW130.mp4, backend=ffmpeg, sample_fps=1.000, frames=8, total=8, raw_fps=1.000
11:44:54 [INFO] Prepared 8 frames for video TGom0uiW130
11:44:58 [INFO] Video: /workspace/user_data/verify-ascend-2026-08-10/videomme-data/w0Wmc8C0Eq0.mp4, backend=ffmpeg, sample_fps=1.000, frames=8, total=8, raw_fps=1.000
11:44:58 [INFO] Prepared 8 frames for video w0Wmc8C0Eq0
11:45:02 [INFO] [frames=8] 70/99 done (correct so far=0)
11:45:02 [INFO] Video: /workspace/user_data/verify-ascend-2026-08-10/videomme-data/w0Wmc8C0Eq0.mp4, backend=ffmpeg, sample_fps=1.000, frames=8, total=8, raw_fps=1.000
11:45:02 [INFO] Prepared 8 frames for video w0Wmc8C0Eq0
11:45:06 [INFO] Video: /workspace/user_data/verify-ascend-2026-08-10/videomme-data/w0Wmc8C0Eq0.mp4, backend=ffmpeg, sample_fps=1.000, frames=8, total=8, raw_fps=1.000
11:45:06 [INFO] Prepared 8 frames for video w0Wmc8C0Eq0
11:45:09 [INFO] Video: /workspace/user_data/verify-ascend-2026-08-10/videomme-data/7D-gxaie6UI.mp4, backend=ffmpeg, sample_fps=1.000, frames=8, total=8, raw_fps=1.000
11:45:09 [INFO] Prepared 8 frames for video 7D-gxaie6UI
11:45:13 [INFO] Video: /workspace/user_data/verify-ascend-2026-08-10/videomme-data/7D-gxaie6UI.mp4, backend=ffmpeg, sample_fps=1.000, frames=8, total=8, raw_fps=1.000
11:45:13 [INFO] Prepared 8 frames for video 7D-gxaie6UI
11:45:17 [INFO] Video: /workspace/user_data/verify-ascend-2026-08-10/videomme-data/7D-gxaie6UI.mp4, backend=ffmpeg, sample_fps=1.000, frames=8, total=8, raw_fps=1.000
11:45:17 [INFO] Prepared 8 frames for video 7D-gxaie6UI
11:45:21 [INFO] Video: /workspace/user_data/verify-ascend-2026-08-10/videomme-data/0RxMZBLeqRI.mp4, backend=ffmpeg, sample_fps=1.000, frames=8, total=8, raw_fps=1.000
11:45:21 [INFO] Prepared 8 frames for video 0RxMZBLeqRI
11:45:24 [INFO] Video: /workspace/user_data/verify-ascend-2026-08-10/videomme-data/0RxMZBLeqRI.mp4, backend=ffmpeg, sample_fps=1.000, frames=8, total=8, raw_fps=1.000
11:45:25 [INFO] Prepared 8 frames for video 0RxMZBLeqRI
11:45:28 [INFO] Video: /workspace/user_data/verify-ascend-2026-08-10/videomme-data/0RxMZBLeqRI.mp4, backend=ffmpeg, sample_fps=1.000, frames=8, total=8, raw_fps=1.000
11:45:29 [INFO] Prepared 8 frames for video 0RxMZBLeqRI
11:45:32 [INFO] Video: /workspace/user_data/verify-ascend-2026-08-10/videomme-data/xKiRmesHWIA.mp4, backend=ffmpeg, sample_fps=1.000, frames=8, total=8, raw_fps=1.000
11:45:33 [INFO] Prepared 8 frames for video xKiRmesHWIA
11:45:36 [INFO] Video: /workspace/user_data/verify-ascend-2026-08-10/videomme-data/xKiRmesHWIA.mp4, backend=ffmpeg, sample_fps=1.000, frames=8, total=8, raw_fps=1.000
11:45:36 [INFO] Prepared 8 frames for video xKiRmesHWIA
11:45:40 [INFO] [frames=8] 80/99 done (correct so far=0)
11:45:40 [INFO] Video: /workspace/user_data/verify-ascend-2026-08-10/videomme-data/xKiRmesHWIA.mp4, backend=ffmpeg, sample_fps=1.000, frames=8, total=8, raw_fps=1.000
11:45:40 [INFO] Prepared 8 frames for video xKiRmesHWIA
11:45:44 [INFO] Video: /workspace/user_data/verify-ascend-2026-08-10/videomme-data/uC8TK7GH85o.mp4, backend=ffmpeg, sample_fps=1.000, frames=8, total=8, raw_fps=1.000
11:45:44 [INFO] Prepared 8 frames for video uC8TK7GH85o
11:45:48 [INFO] Video: /workspace/user_data/verify-ascend-2026-08-10/videomme-data/uC8TK7GH85o.mp4, backend=ffmpeg, sample_fps=1.000, frames=8, total=8, raw_fps=1.000
11:45:48 [INFO] Prepared 8 frames for video uC8TK7GH85o
11:45:52 [INFO] Video: /workspace/user_data/verify-ascend-2026-08-10/videomme-data/uC8TK7GH85o.mp4, backend=ffmpeg, sample_fps=1.000, frames=8, total=8, raw_fps=1.000
11:45:52 [INFO] Prepared 8 frames for video uC8TK7GH85o
11:45:56 [INFO] Video: /workspace/user_data/verify-ascend-2026-08-10/videomme-data/zxKPjD8urG4.mp4, backend=ffmpeg, sample_fps=1.000, frames=8, total=8, raw_fps=1.000
11:45:56 [INFO] Prepared 8 frames for video zxKPjD8urG4
11:46:00 [INFO] Video: /workspace/user_data/verify-ascend-2026-08-10/videomme-data/zxKPjD8urG4.mp4, backend=ffmpeg, sample_fps=1.000, frames=8, total=8, raw_fps=1.000
11:46:00 [INFO] Prepared 8 frames for video zxKPjD8urG4
11:46:04 [INFO] Video: /workspace/user_data/verify-ascend-2026-08-10/videomme-data/zxKPjD8urG4.mp4, backend=ffmpeg, sample_fps=1.000, frames=8, total=8, raw_fps=1.000
11:46:04 [INFO] Prepared 8 frames for video zxKPjD8urG4
11:46:08 [INFO] Video: /workspace/user_data/verify-ascend-2026-08-10/videomme-data/BoBapnk6TB8.mp4, backend=ffmpeg, sample_fps=1.000, frames=8, total=8, raw_fps=1.000
11:46:08 [INFO] Prepared 8 frames for video BoBapnk6TB8
11:46:12 [INFO] Video: /workspace/user_data/verify-ascend-2026-08-10/videomme-data/BoBapnk6TB8.mp4, backend=ffmpeg, sample_fps=1.000, frames=8, total=8, raw_fps=1.000
11:46:12 [INFO] Prepared 8 frames for video BoBapnk6TB8
11:46:16 [INFO] Video: /workspace/user_data/verify-ascend-2026-08-10/videomme-data/BoBapnk6TB8.mp4, backend=ffmpeg, sample_fps=1.000, frames=8, total=8, raw_fps=1.000
11:46:16 [INFO] Prepared 8 frames for video BoBapnk6TB8
11:46:19 [INFO] [frames=8] 90/99 done (correct so far=0)
11:46:20 [INFO] Video: /workspace/user_data/verify-ascend-2026-08-10/videomme-data/HProiNnmGwI.mp4, backend=ffmpeg, sample_fps=1.000, frames=8, total=8, raw_fps=1.000
11:46:20 [INFO] Prepared 8 frames for video HProiNnmGwI
11:46:24 [INFO] Video: /workspace/user_data/verify-ascend-2026-08-10/videomme-data/HProiNnmGwI.mp4, backend=ffmpeg, sample_fps=1.000, frames=8, total=8, raw_fps=1.000
11:46:24 [INFO] Prepared 8 frames for video HProiNnmGwI
11:46:28 [INFO] Video: /workspace/user_data/verify-ascend-2026-08-10/videomme-data/HProiNnmGwI.mp4, backend=ffmpeg, sample_fps=1.000, frames=8, total=8, raw_fps=1.000
11:46:28 [INFO] Prepared 8 frames for video HProiNnmGwI
11:46:32 [INFO] Video: /workspace/user_data/verify-ascend-2026-08-10/videomme-data/O7zcPvQDIMU.mp4, backend=ffmpeg, sample_fps=1.000, frames=8, total=8, raw_fps=1.000
11:46:32 [INFO] Prepared 8 frames for video O7zcPvQDIMU
11:46:35 [INFO] Video: /workspace/user_data/verify-ascend-2026-08-10/videomme-data/O7zcPvQDIMU.mp4, backend=ffmpeg, sample_fps=1.000, frames=8, total=8, raw_fps=1.000
11:46:36 [INFO] Prepared 8 frames for video O7zcPvQDIMU
11:46:39 [INFO] Video: /workspace/user_data/verify-ascend-2026-08-10/videomme-data/O7zcPvQDIMU.mp4, backend=ffmpeg, sample_fps=1.000, frames=8, total=8, raw_fps=1.000
11:46:39 [INFO] Prepared 8 frames for video O7zcPvQDIMU
11:46:43 [INFO] Video: /workspace/user_data/verify-ascend-2026-08-10/videomme-data/H8fGd3fCJbg.mp4, backend=ffmpeg, sample_fps=1.000, frames=8, total=8, raw_fps=1.000
11:46:43 [INFO] Prepared 8 frames for video H8fGd3fCJbg
11:46:47 [INFO] Video: /workspace/user_data/verify-ascend-2026-08-10/videomme-data/H8fGd3fCJbg.mp4, backend=ffmpeg, sample_fps=1.000, frames=8, total=8, raw_fps=1.000
11:46:47 [INFO] Prepared 8 frames for video H8fGd3fCJbg
11:46:51 [INFO] Video: /workspace/user_data/verify-ascend-2026-08-10/videomme-data/H8fGd3fCJbg.mp4, backend=ffmpeg, sample_fps=1.000, frames=8, total=8, raw_fps=1.000
11:46:51 [INFO] Prepared 8 frames for video H8fGd3fCJbg
11:46:55 [INFO] [frames=8] 99/99 done (correct so far=0)
11:46:58 [INFO] [frames=8] FINISHED correct=0/99
11:46:58 [INFO] [GPU 0] launching CLI: /workspace/user_data/claude_code/minicpm-ascend-challenge/code/llama.cpp-omni/build-cann/bin/llama-omni-eval-cli -m /workspace/shared_assets/models/OpenBMB/MiniCPM-o-4_5-gguf/MiniCPM-o-4_5-F16.gguf -c 40960 -ngl 999 --max-slice-nums 0 --n-predict 100 --temp 0.2 --top-p 0.8 --top-k 100 --repeat-penalty 1.02  (log: /workspace/user_data/claude_code/minicpm-ascend-challenge/benchmark/video-mme-cookbook/log/cli_gpu0.log)
11:47:05 [INFO] [GPU 0] CLI ready，耗时 6.8s
11:47:05 [INFO] [frames=64] CLI ready, running 99 questions ...
11:47:06 [INFO] Video: /workspace/user_data/verify-ascend-2026-08-10/videomme-data/fFjv93ACGo8.mp4, backend=ffmpeg, sample_fps=1.000, frames=64, total=64, raw_fps=1.000
11:47:07 [INFO] Prepared 64 frames for video fFjv93ACGo8
11:47:21 [INFO] Video: /workspace/user_data/verify-ascend-2026-08-10/videomme-data/fFjv93ACGo8.mp4, backend=ffmpeg, sample_fps=1.000, frames=64, total=64, raw_fps=1.000
11:47:21 [INFO] Prepared 64 frames for video fFjv93ACGo8
11:47:34 [INFO] Video: /workspace/user_data/verify-ascend-2026-08-10/videomme-data/fFjv93ACGo8.mp4, backend=ffmpeg, sample_fps=1.000, frames=64, total=64, raw_fps=1.000
11:47:35 [INFO] Prepared 64 frames for video fFjv93ACGo8
11:47:48 [INFO] Video: /workspace/user_data/verify-ascend-2026-08-10/videomme-data/N1cdUjctpG8.mp4, backend=ffmpeg, sample_fps=1.000, frames=64, total=64, raw_fps=1.000
11:47:49 [INFO] Prepared 64 frames for video N1cdUjctpG8
11:48:02 [INFO] Video: /workspace/user_data/verify-ascend-2026-08-10/videomme-data/N1cdUjctpG8.mp4, backend=ffmpeg, sample_fps=1.000, frames=64, total=64, raw_fps=1.000
11:48:03 [INFO] Prepared 64 frames for video N1cdUjctpG8
11:48:16 [INFO] Video: /workspace/user_data/verify-ascend-2026-08-10/videomme-data/N1cdUjctpG8.mp4, backend=ffmpeg, sample_fps=1.000, frames=64, total=64, raw_fps=1.000
11:48:17 [INFO] Prepared 64 frames for video N1cdUjctpG8
11:48:30 [INFO] Video: /workspace/user_data/verify-ascend-2026-08-10/videomme-data/HIjX8OPuf-w.mp4, backend=ffmpeg, sample_fps=1.000, frames=64, total=64, raw_fps=1.000
11:48:31 [INFO] Prepared 64 frames for video HIjX8OPuf-w
11:48:44 [INFO] Video: /workspace/user_data/verify-ascend-2026-08-10/videomme-data/HIjX8OPuf-w.mp4, backend=ffmpeg, sample_fps=1.000, frames=64, total=64, raw_fps=1.000
11:48:45 [INFO] Prepared 64 frames for video HIjX8OPuf-w
11:48:57 [INFO] Video: /workspace/user_data/verify-ascend-2026-08-10/videomme-data/HIjX8OPuf-w.mp4, backend=ffmpeg, sample_fps=1.000, frames=64, total=64, raw_fps=1.000
11:48:58 [INFO] Prepared 64 frames for video HIjX8OPuf-w
11:49:10 [INFO] Video: /workspace/user_data/verify-ascend-2026-08-10/videomme-data/HwnB8aCn8yE.mp4, backend=ffmpeg, sample_fps=1.000, frames=64, total=64, raw_fps=1.000
11:49:11 [INFO] Prepared 64 frames for video HwnB8aCn8yE
11:49:21 [INFO] [frames=64] 10/99 done (correct so far=0)
11:49:22 [INFO] Video: /workspace/user_data/verify-ascend-2026-08-10/videomme-data/HwnB8aCn8yE.mp4, backend=ffmpeg, sample_fps=1.000, frames=64, total=64, raw_fps=1.000
11:49:22 [INFO] Prepared 64 frames for video HwnB8aCn8yE
11:49:34 [INFO] Video: /workspace/user_data/verify-ascend-2026-08-10/videomme-data/HwnB8aCn8yE.mp4, backend=ffmpeg, sample_fps=1.000, frames=64, total=64, raw_fps=1.000
11:49:34 [INFO] Prepared 64 frames for video HwnB8aCn8yE
11:49:46 [INFO] Video: /workspace/user_data/verify-ascend-2026-08-10/videomme-data/24i4ncHuf6A.mp4, backend=ffmpeg, sample_fps=1.000, frames=64, total=64, raw_fps=1.000
11:49:46 [INFO] Prepared 64 frames for video 24i4ncHuf6A
11:49:58 [INFO] Video: /workspace/user_data/verify-ascend-2026-08-10/videomme-data/24i4ncHuf6A.mp4, backend=ffmpeg, sample_fps=1.000, frames=64, total=64, raw_fps=1.000
11:49:59 [INFO] Prepared 64 frames for video 24i4ncHuf6A
11:50:10 [INFO] Video: /workspace/user_data/verify-ascend-2026-08-10/videomme-data/24i4ncHuf6A.mp4, backend=ffmpeg, sample_fps=1.000, frames=64, total=64, raw_fps=1.000
11:50:11 [INFO] Prepared 64 frames for video 24i4ncHuf6A
11:50:23 [INFO] Video: /workspace/user_data/verify-ascend-2026-08-10/videomme-data/40BlVzjxu-I.mp4, backend=ffmpeg, sample_fps=1.000, frames=64, total=64, raw_fps=1.000
11:50:24 [INFO] Prepared 64 frames for video 40BlVzjxu-I
11:50:36 [INFO] Video: /workspace/user_data/verify-ascend-2026-08-10/videomme-data/40BlVzjxu-I.mp4, backend=ffmpeg, sample_fps=1.000, frames=64, total=64, raw_fps=1.000
11:50:37 [INFO] Prepared 64 frames for video 40BlVzjxu-I
11:50:50 [INFO] Video: /workspace/user_data/verify-ascend-2026-08-10/videomme-data/40BlVzjxu-I.mp4, backend=ffmpeg, sample_fps=1.000, frames=64, total=64, raw_fps=1.000
11:50:51 [INFO] Prepared 64 frames for video 40BlVzjxu-I
11:51:04 [INFO] Video: /workspace/user_data/verify-ascend-2026-08-10/videomme-data/0ay2Qy3wBe8.mp4, backend=ffmpeg, sample_fps=1.000, frames=64, total=64, raw_fps=1.000
11:51:05 [INFO] Prepared 64 frames for video 0ay2Qy3wBe8
11:51:18 [INFO] Video: /workspace/user_data/verify-ascend-2026-08-10/videomme-data/0ay2Qy3wBe8.mp4, backend=ffmpeg, sample_fps=1.000, frames=64, total=64, raw_fps=1.000
11:51:19 [INFO] Prepared 64 frames for video 0ay2Qy3wBe8
11:51:30 [INFO] [frames=64] 20/99 done (correct so far=0)
11:51:31 [INFO] Video: /workspace/user_data/verify-ascend-2026-08-10/videomme-data/0ay2Qy3wBe8.mp4, backend=ffmpeg, sample_fps=1.000, frames=64, total=64, raw_fps=1.000
11:51:32 [INFO] Prepared 64 frames for video 0ay2Qy3wBe8
11:51:45 [INFO] Video: /workspace/user_data/verify-ascend-2026-08-10/videomme-data/_tvmjsKXTu8.mp4, backend=ffmpeg, sample_fps=1.000, frames=64, total=64, raw_fps=1.000
11:51:46 [INFO] Prepared 64 frames for video _tvmjsKXTu8
11:51:58 [INFO] Video: /workspace/user_data/verify-ascend-2026-08-10/videomme-data/_tvmjsKXTu8.mp4, backend=ffmpeg, sample_fps=1.000, frames=64, total=64, raw_fps=1.000
11:51:59 [INFO] Prepared 64 frames for video _tvmjsKXTu8
11:52:11 [INFO] Video: /workspace/user_data/verify-ascend-2026-08-10/videomme-data/_tvmjsKXTu8.mp4, backend=ffmpeg, sample_fps=1.000, frames=64, total=64, raw_fps=1.000
11:52:12 [INFO] Prepared 64 frames for video _tvmjsKXTu8
11:52:25 [INFO] Video: /workspace/user_data/verify-ascend-2026-08-10/videomme-data/sUDY-SMREtA.mp4, backend=ffmpeg, sample_fps=1.000, frames=64, total=64, raw_fps=1.000
11:52:26 [INFO] Prepared 64 frames for video sUDY-SMREtA
11:52:39 [INFO] Video: /workspace/user_data/verify-ascend-2026-08-10/videomme-data/sUDY-SMREtA.mp4, backend=ffmpeg, sample_fps=1.000, frames=64, total=64, raw_fps=1.000
11:52:39 [INFO] Prepared 64 frames for video sUDY-SMREtA
11:52:52 [INFO] Video: /workspace/user_data/verify-ascend-2026-08-10/videomme-data/sUDY-SMREtA.mp4, backend=ffmpeg, sample_fps=1.000, frames=64, total=64, raw_fps=1.000
11:52:53 [INFO] Prepared 64 frames for video sUDY-SMREtA
11:53:05 [INFO] Video: /workspace/user_data/verify-ascend-2026-08-10/videomme-data/PSt_op3fQck.mp4, backend=ffmpeg, sample_fps=1.000, frames=64, total=64, raw_fps=1.000
11:53:06 [INFO] Prepared 64 frames for video PSt_op3fQck
11:53:18 [INFO] Video: /workspace/user_data/verify-ascend-2026-08-10/videomme-data/PSt_op3fQck.mp4, backend=ffmpeg, sample_fps=1.000, frames=64, total=64, raw_fps=1.000
11:53:18 [INFO] Prepared 64 frames for video PSt_op3fQck
11:53:30 [INFO] Video: /workspace/user_data/verify-ascend-2026-08-10/videomme-data/PSt_op3fQck.mp4, backend=ffmpeg, sample_fps=1.000, frames=64, total=64, raw_fps=1.000
11:53:31 [INFO] Prepared 64 frames for video PSt_op3fQck
11:53:42 [INFO] [frames=64] 30/99 done (correct so far=0)
11:53:43 [INFO] Video: /workspace/user_data/verify-ascend-2026-08-10/videomme-data/OE5S-NbNsro.mp4, backend=ffmpeg, sample_fps=1.000, frames=64, total=64, raw_fps=1.000
11:53:43 [INFO] Prepared 64 frames for video OE5S-NbNsro
11:53:55 [INFO] Video: /workspace/user_data/verify-ascend-2026-08-10/videomme-data/OE5S-NbNsro.mp4, backend=ffmpeg, sample_fps=1.000, frames=64, total=64, raw_fps=1.000
11:53:56 [INFO] Prepared 64 frames for video OE5S-NbNsro
11:54:07 [INFO] Video: /workspace/user_data/verify-ascend-2026-08-10/videomme-data/OE5S-NbNsro.mp4, backend=ffmpeg, sample_fps=1.000, frames=64, total=64, raw_fps=1.000
11:54:08 [INFO] Prepared 64 frames for video OE5S-NbNsro
11:54:20 [INFO] Video: /workspace/user_data/verify-ascend-2026-08-10/videomme-data/dphq5X-rMew.mp4, backend=ffmpeg, sample_fps=1.000, frames=64, total=64, raw_fps=1.000
11:54:21 [INFO] Prepared 64 frames for video dphq5X-rMew
11:54:33 [INFO] Video: /workspace/user_data/verify-ascend-2026-08-10/videomme-data/dphq5X-rMew.mp4, backend=ffmpeg, sample_fps=1.000, frames=64, total=64, raw_fps=1.000
11:54:34 [INFO] Prepared 64 frames for video dphq5X-rMew
11:54:46 [INFO] Video: /workspace/user_data/verify-ascend-2026-08-10/videomme-data/dphq5X-rMew.mp4, backend=ffmpeg, sample_fps=1.000, frames=64, total=64, raw_fps=1.000
11:54:47 [INFO] Prepared 64 frames for video dphq5X-rMew
11:55:00 [INFO] Video: /workspace/user_data/verify-ascend-2026-08-10/videomme-data/K64wRD8eaus.mp4, backend=ffmpeg, sample_fps=1.000, frames=64, total=64, raw_fps=1.000
11:55:00 [INFO] Prepared 64 frames for video K64wRD8eaus
11:55:12 [INFO] Video: /workspace/user_data/verify-ascend-2026-08-10/videomme-data/K64wRD8eaus.mp4, backend=ffmpeg, sample_fps=1.000, frames=64, total=64, raw_fps=1.000
11:55:13 [INFO] Prepared 64 frames for video K64wRD8eaus
11:55:25 [INFO] Video: /workspace/user_data/verify-ascend-2026-08-10/videomme-data/K64wRD8eaus.mp4, backend=ffmpeg, sample_fps=1.000, frames=64, total=64, raw_fps=1.000
11:55:25 [INFO] Prepared 64 frames for video K64wRD8eaus
11:55:37 [INFO] Video: /workspace/user_data/verify-ascend-2026-08-10/videomme-data/kSBB5PsRV-k.mp4, backend=ffmpeg, sample_fps=1.000, frames=64, total=64, raw_fps=1.000
11:55:38 [INFO] Prepared 64 frames for video kSBB5PsRV-k
11:55:49 [INFO] [frames=64] 40/99 done (correct so far=0)
11:55:50 [INFO] Video: /workspace/user_data/verify-ascend-2026-08-10/videomme-data/kSBB5PsRV-k.mp4, backend=ffmpeg, sample_fps=1.000, frames=64, total=64, raw_fps=1.000
11:55:51 [INFO] Prepared 64 frames for video kSBB5PsRV-k
11:56:03 [INFO] Video: /workspace/user_data/verify-ascend-2026-08-10/videomme-data/kSBB5PsRV-k.mp4, backend=ffmpeg, sample_fps=1.000, frames=64, total=64, raw_fps=1.000
11:56:05 [INFO] Prepared 64 frames for video kSBB5PsRV-k
11:56:21 [INFO] Video: /workspace/user_data/verify-ascend-2026-08-10/videomme-data/QTA8j5wSTx4.mp4, backend=ffmpeg, sample_fps=1.000, frames=64, total=64, raw_fps=1.000
11:56:24 [INFO] Prepared 64 frames for video QTA8j5wSTx4
11:56:38 [INFO] Video: /workspace/user_data/verify-ascend-2026-08-10/videomme-data/QTA8j5wSTx4.mp4, backend=ffmpeg, sample_fps=1.000, frames=64, total=64, raw_fps=1.000
11:56:38 [INFO] Prepared 64 frames for video QTA8j5wSTx4
11:56:50 [INFO] Video: /workspace/user_data/verify-ascend-2026-08-10/videomme-data/QTA8j5wSTx4.mp4, backend=ffmpeg, sample_fps=1.000, frames=64, total=64, raw_fps=1.000
11:56:51 [INFO] Prepared 64 frames for video QTA8j5wSTx4
11:57:03 [INFO] Video: /workspace/user_data/verify-ascend-2026-08-10/videomme-data/tuZcS2Flabw.mp4, backend=ffmpeg, sample_fps=1.000, frames=64, total=64, raw_fps=1.000
11:57:04 [INFO] Prepared 64 frames for video tuZcS2Flabw
11:57:15 [INFO] Video: /workspace/user_data/verify-ascend-2026-08-10/videomme-data/tuZcS2Flabw.mp4, backend=ffmpeg, sample_fps=1.000, frames=64, total=64, raw_fps=1.000
11:57:16 [INFO] Prepared 64 frames for video tuZcS2Flabw
11:57:28 [INFO] Video: /workspace/user_data/verify-ascend-2026-08-10/videomme-data/tuZcS2Flabw.mp4, backend=ffmpeg, sample_fps=1.000, frames=64, total=64, raw_fps=1.000
11:57:30 [INFO] Prepared 64 frames for video tuZcS2Flabw
11:57:42 [INFO] Video: /workspace/user_data/verify-ascend-2026-08-10/videomme-data/s_TGkDcjBqI.mp4, backend=ffmpeg, sample_fps=1.000, frames=64, total=64, raw_fps=1.000
11:57:44 [INFO] Prepared 64 frames for video s_TGkDcjBqI
11:57:56 [INFO] Video: /workspace/user_data/verify-ascend-2026-08-10/videomme-data/s_TGkDcjBqI.mp4, backend=ffmpeg, sample_fps=1.000, frames=64, total=64, raw_fps=1.000
11:57:58 [INFO] Prepared 64 frames for video s_TGkDcjBqI
11:58:09 [INFO] [frames=64] 50/99 done (correct so far=0)
11:58:10 [INFO] Video: /workspace/user_data/verify-ascend-2026-08-10/videomme-data/s_TGkDcjBqI.mp4, backend=ffmpeg, sample_fps=1.000, frames=64, total=64, raw_fps=1.000
11:58:12 [INFO] Prepared 64 frames for video s_TGkDcjBqI
11:58:24 [INFO] Video: /workspace/user_data/verify-ascend-2026-08-10/videomme-data/8l1NyR6UvxU.mp4, backend=ffmpeg, sample_fps=1.000, frames=64, total=64, raw_fps=1.000
11:58:26 [INFO] Prepared 64 frames for video 8l1NyR6UvxU
11:58:40 [INFO] Video: /workspace/user_data/verify-ascend-2026-08-10/videomme-data/8l1NyR6UvxU.mp4, backend=ffmpeg, sample_fps=1.000, frames=64, total=64, raw_fps=1.000
11:58:42 [INFO] Prepared 64 frames for video 8l1NyR6UvxU
11:58:55 [INFO] Video: /workspace/user_data/verify-ascend-2026-08-10/videomme-data/8l1NyR6UvxU.mp4, backend=ffmpeg, sample_fps=1.000, frames=64, total=64, raw_fps=1.000
11:58:57 [INFO] Prepared 64 frames for video 8l1NyR6UvxU
11:59:10 [INFO] Video: /workspace/user_data/verify-ascend-2026-08-10/videomme-data/wgPymD-NBQU.mp4, backend=ffmpeg, sample_fps=1.000, frames=64, total=64, raw_fps=1.000
11:59:12 [INFO] Prepared 64 frames for video wgPymD-NBQU
11:59:25 [INFO] Video: /workspace/user_data/verify-ascend-2026-08-10/videomme-data/wgPymD-NBQU.mp4, backend=ffmpeg, sample_fps=1.000, frames=64, total=64, raw_fps=1.000
11:59:27 [INFO] Prepared 64 frames for video wgPymD-NBQU
11:59:40 [INFO] Video: /workspace/user_data/verify-ascend-2026-08-10/videomme-data/wgPymD-NBQU.mp4, backend=ffmpeg, sample_fps=1.000, frames=64, total=64, raw_fps=1.000
11:59:42 [INFO] Prepared 64 frames for video wgPymD-NBQU
11:59:55 [INFO] Video: /workspace/user_data/verify-ascend-2026-08-10/videomme-data/tjrvKA4w9-Y.mp4, backend=ffmpeg, sample_fps=1.000, frames=64, total=64, raw_fps=1.000
11:59:57 [INFO] Prepared 64 frames for video tjrvKA4w9-Y
12:00:10 [INFO] Video: /workspace/user_data/verify-ascend-2026-08-10/videomme-data/tjrvKA4w9-Y.mp4, backend=ffmpeg, sample_fps=1.000, frames=64, total=64, raw_fps=1.000
12:00:13 [INFO] Prepared 64 frames for video tjrvKA4w9-Y
12:00:26 [INFO] Video: /workspace/user_data/verify-ascend-2026-08-10/videomme-data/tjrvKA4w9-Y.mp4, backend=ffmpeg, sample_fps=1.000, frames=64, total=64, raw_fps=1.000
12:00:28 [INFO] Prepared 64 frames for video tjrvKA4w9-Y
12:00:40 [INFO] [frames=64] 60/99 done (correct so far=0)
12:00:41 [INFO] Video: /workspace/user_data/verify-ascend-2026-08-10/videomme-data/A9fQPzZ1-hg.mp4, backend=ffmpeg, sample_fps=1.000, frames=64, total=64, raw_fps=1.000
12:00:43 [INFO] Prepared 64 frames for video A9fQPzZ1-hg
12:00:55 [INFO] Video: /workspace/user_data/verify-ascend-2026-08-10/videomme-data/A9fQPzZ1-hg.mp4, backend=ffmpeg, sample_fps=1.000, frames=64, total=64, raw_fps=1.000
12:00:58 [INFO] Prepared 64 frames for video A9fQPzZ1-hg
12:01:10 [INFO] Video: /workspace/user_data/verify-ascend-2026-08-10/videomme-data/A9fQPzZ1-hg.mp4, backend=ffmpeg, sample_fps=1.000, frames=64, total=64, raw_fps=1.000
12:01:13 [INFO] Prepared 64 frames for video A9fQPzZ1-hg
12:01:26 [INFO] Video: /workspace/user_data/verify-ascend-2026-08-10/videomme-data/4jmMWohs1XM.mp4, backend=ffmpeg, sample_fps=1.000, frames=64, total=64, raw_fps=1.000
12:01:29 [INFO] Prepared 64 frames for video 4jmMWohs1XM
12:01:43 [INFO] Video: /workspace/user_data/verify-ascend-2026-08-10/videomme-data/4jmMWohs1XM.mp4, backend=ffmpeg, sample_fps=1.000, frames=64, total=64, raw_fps=1.000
12:01:46 [INFO] Prepared 64 frames for video 4jmMWohs1XM
12:01:59 [INFO] Video: /workspace/user_data/verify-ascend-2026-08-10/videomme-data/4jmMWohs1XM.mp4, backend=ffmpeg, sample_fps=1.000, frames=64, total=64, raw_fps=1.000
12:02:01 [INFO] Prepared 64 frames for video 4jmMWohs1XM
12:02:15 [INFO] Video: /workspace/user_data/verify-ascend-2026-08-10/videomme-data/TGom0uiW130.mp4, backend=ffmpeg, sample_fps=1.000, frames=64, total=64, raw_fps=1.000
12:02:17 [INFO] Prepared 64 frames for video TGom0uiW130
12:02:31 [INFO] Video: /workspace/user_data/verify-ascend-2026-08-10/videomme-data/TGom0uiW130.mp4, backend=ffmpeg, sample_fps=1.000, frames=64, total=64, raw_fps=1.000
12:02:34 [INFO] Prepared 64 frames for video TGom0uiW130
12:02:47 [INFO] Video: /workspace/user_data/verify-ascend-2026-08-10/videomme-data/TGom0uiW130.mp4, backend=ffmpeg, sample_fps=1.000, frames=64, total=64, raw_fps=1.000
12:02:50 [INFO] Prepared 64 frames for video TGom0uiW130
12:03:03 [INFO] Video: /workspace/user_data/verify-ascend-2026-08-10/videomme-data/w0Wmc8C0Eq0.mp4, backend=ffmpeg, sample_fps=1.000, frames=64, total=64, raw_fps=1.000
12:03:06 [INFO] Prepared 64 frames for video w0Wmc8C0Eq0
12:03:19 [INFO] [frames=64] 70/99 done (correct so far=0)
12:03:20 [INFO] Video: /workspace/user_data/verify-ascend-2026-08-10/videomme-data/w0Wmc8C0Eq0.mp4, backend=ffmpeg, sample_fps=1.000, frames=64, total=64, raw_fps=1.000
12:03:23 [INFO] Prepared 64 frames for video w0Wmc8C0Eq0
12:03:36 [INFO] Video: /workspace/user_data/verify-ascend-2026-08-10/videomme-data/w0Wmc8C0Eq0.mp4, backend=ffmpeg, sample_fps=1.000, frames=64, total=64, raw_fps=1.000
12:03:38 [INFO] Prepared 64 frames for video w0Wmc8C0Eq0
12:03:52 [INFO] Video: /workspace/user_data/verify-ascend-2026-08-10/videomme-data/7D-gxaie6UI.mp4, backend=ffmpeg, sample_fps=1.000, frames=64, total=64, raw_fps=1.000
12:03:54 [INFO] Prepared 64 frames for video 7D-gxaie6UI
12:04:06 [INFO] Video: /workspace/user_data/verify-ascend-2026-08-10/videomme-data/7D-gxaie6UI.mp4, backend=ffmpeg, sample_fps=1.000, frames=64, total=64, raw_fps=1.000
12:04:08 [INFO] Prepared 64 frames for video 7D-gxaie6UI
12:04:21 [INFO] Video: /workspace/user_data/verify-ascend-2026-08-10/videomme-data/7D-gxaie6UI.mp4, backend=ffmpeg, sample_fps=1.000, frames=64, total=64, raw_fps=1.000
12:04:24 [INFO] Prepared 64 frames for video 7D-gxaie6UI
12:04:37 [INFO] Video: /workspace/user_data/verify-ascend-2026-08-10/videomme-data/0RxMZBLeqRI.mp4, backend=ffmpeg, sample_fps=1.000, frames=64, total=64, raw_fps=1.000
12:04:40 [INFO] Prepared 64 frames for video 0RxMZBLeqRI
12:04:53 [INFO] Video: /workspace/user_data/verify-ascend-2026-08-10/videomme-data/0RxMZBLeqRI.mp4, backend=ffmpeg, sample_fps=1.000, frames=64, total=64, raw_fps=1.000
12:04:56 [INFO] Prepared 64 frames for video 0RxMZBLeqRI
12:05:10 [INFO] Video: /workspace/user_data/verify-ascend-2026-08-10/videomme-data/0RxMZBLeqRI.mp4, backend=ffmpeg, sample_fps=1.000, frames=64, total=64, raw_fps=1.000
12:05:13 [INFO] Prepared 64 frames for video 0RxMZBLeqRI
12:05:26 [INFO] Video: /workspace/user_data/verify-ascend-2026-08-10/videomme-data/xKiRmesHWIA.mp4, backend=ffmpeg, sample_fps=1.000, frames=64, total=64, raw_fps=1.000
12:05:28 [INFO] Prepared 64 frames for video xKiRmesHWIA
12:05:40 [INFO] Video: /workspace/user_data/verify-ascend-2026-08-10/videomme-data/xKiRmesHWIA.mp4, backend=ffmpeg, sample_fps=1.000, frames=64, total=64, raw_fps=1.000
12:05:43 [INFO] Prepared 64 frames for video xKiRmesHWIA
12:05:55 [INFO] [frames=64] 80/99 done (correct so far=0)
12:05:55 [INFO] Video: /workspace/user_data/verify-ascend-2026-08-10/videomme-data/xKiRmesHWIA.mp4, backend=ffmpeg, sample_fps=1.000, frames=64, total=64, raw_fps=1.000
12:05:57 [INFO] Prepared 64 frames for video xKiRmesHWIA
12:06:10 [INFO] Video: /workspace/user_data/verify-ascend-2026-08-10/videomme-data/uC8TK7GH85o.mp4, backend=ffmpeg, sample_fps=1.000, frames=64, total=64, raw_fps=1.000
12:06:14 [INFO] Prepared 64 frames for video uC8TK7GH85o
12:06:28 [INFO] Video: /workspace/user_data/verify-ascend-2026-08-10/videomme-data/uC8TK7GH85o.mp4, backend=ffmpeg, sample_fps=1.000, frames=64, total=64, raw_fps=1.000
12:06:31 [INFO] Prepared 64 frames for video uC8TK7GH85o
12:06:45 [INFO] Video: /workspace/user_data/verify-ascend-2026-08-10/videomme-data/uC8TK7GH85o.mp4, backend=ffmpeg, sample_fps=1.000, frames=64, total=64, raw_fps=1.000
12:06:48 [INFO] Prepared 64 frames for video uC8TK7GH85o
12:07:01 [INFO] Video: /workspace/user_data/verify-ascend-2026-08-10/videomme-data/zxKPjD8urG4.mp4, backend=ffmpeg, sample_fps=1.000, frames=64, total=64, raw_fps=1.000
12:07:04 [INFO] Prepared 64 frames for video zxKPjD8urG4
12:07:17 [INFO] Video: /workspace/user_data/verify-ascend-2026-08-10/videomme-data/zxKPjD8urG4.mp4, backend=ffmpeg, sample_fps=1.000, frames=64, total=64, raw_fps=1.000
12:07:19 [INFO] Prepared 64 frames for video zxKPjD8urG4
12:07:32 [INFO] Video: /workspace/user_data/verify-ascend-2026-08-10/videomme-data/zxKPjD8urG4.mp4, backend=ffmpeg, sample_fps=1.000, frames=64, total=64, raw_fps=1.000
12:07:35 [INFO] Prepared 64 frames for video zxKPjD8urG4
12:07:48 [INFO] Video: /workspace/user_data/verify-ascend-2026-08-10/videomme-data/BoBapnk6TB8.mp4, backend=ffmpeg, sample_fps=1.000, frames=64, total=64, raw_fps=1.000
12:07:50 [INFO] Prepared 64 frames for video BoBapnk6TB8
12:08:02 [INFO] Video: /workspace/user_data/verify-ascend-2026-08-10/videomme-data/BoBapnk6TB8.mp4, backend=ffmpeg, sample_fps=1.000, frames=64, total=64, raw_fps=1.000
12:08:04 [INFO] Prepared 64 frames for video BoBapnk6TB8
12:08:16 [INFO] Video: /workspace/user_data/verify-ascend-2026-08-10/videomme-data/BoBapnk6TB8.mp4, backend=ffmpeg, sample_fps=1.000, frames=64, total=64, raw_fps=1.000
12:08:18 [INFO] Prepared 64 frames for video BoBapnk6TB8
12:08:30 [INFO] [frames=64] 90/99 done (correct so far=0)
12:08:31 [INFO] Video: /workspace/user_data/verify-ascend-2026-08-10/videomme-data/HProiNnmGwI.mp4, backend=ffmpeg, sample_fps=1.000, frames=64, total=64, raw_fps=1.000
12:08:34 [INFO] Prepared 64 frames for video HProiNnmGwI
12:08:48 [INFO] Video: /workspace/user_data/verify-ascend-2026-08-10/videomme-data/HProiNnmGwI.mp4, backend=ffmpeg, sample_fps=1.000, frames=64, total=64, raw_fps=1.000
12:08:50 [INFO] Prepared 64 frames for video HProiNnmGwI
12:09:04 [INFO] Video: /workspace/user_data/verify-ascend-2026-08-10/videomme-data/HProiNnmGwI.mp4, backend=ffmpeg, sample_fps=1.000, frames=64, total=64, raw_fps=1.000
12:09:06 [INFO] Prepared 64 frames for video HProiNnmGwI
12:09:19 [INFO] Video: /workspace/user_data/verify-ascend-2026-08-10/videomme-data/O7zcPvQDIMU.mp4, backend=ffmpeg, sample_fps=1.000, frames=64, total=64, raw_fps=1.000
12:09:22 [INFO] Prepared 64 frames for video O7zcPvQDIMU
12:09:35 [INFO] Video: /workspace/user_data/verify-ascend-2026-08-10/videomme-data/O7zcPvQDIMU.mp4, backend=ffmpeg, sample_fps=1.000, frames=64, total=64, raw_fps=1.000
12:09:37 [INFO] Prepared 64 frames for video O7zcPvQDIMU
12:09:49 [INFO] Video: /workspace/user_data/verify-ascend-2026-08-10/videomme-data/O7zcPvQDIMU.mp4, backend=ffmpeg, sample_fps=1.000, frames=64, total=64, raw_fps=1.000
12:09:52 [INFO] Prepared 64 frames for video O7zcPvQDIMU
12:10:05 [INFO] Video: /workspace/user_data/verify-ascend-2026-08-10/videomme-data/H8fGd3fCJbg.mp4, backend=ffmpeg, sample_fps=1.000, frames=64, total=64, raw_fps=1.000
12:10:08 [INFO] Prepared 64 frames for video H8fGd3fCJbg
12:10:21 [INFO] Video: /workspace/user_data/verify-ascend-2026-08-10/videomme-data/H8fGd3fCJbg.mp4, backend=ffmpeg, sample_fps=1.000, frames=64, total=64, raw_fps=1.000
12:10:24 [INFO] Prepared 64 frames for video H8fGd3fCJbg
12:10:38 [INFO] Video: /workspace/user_data/verify-ascend-2026-08-10/videomme-data/H8fGd3fCJbg.mp4, backend=ffmpeg, sample_fps=1.000, frames=64, total=64, raw_fps=1.000
12:10:40 [INFO] Prepared 64 frames for video H8fGd3fCJbg
12:10:52 [INFO] [frames=64] 99/99 done (correct so far=0)
12:10:56 [INFO] [frames=64] FINISHED correct=0/99
12:10:56 [INFO] summary written: /workspace/user_data/claude_code/minicpm-ascend-challenge/benchmark/video-mme-cookbook/diag/results_scale_20260811_113328_summary.txt

VideoMME 分层精度复跑  ts=20260811_113328
帧数曲线=[1, 2, 5, 8, 64]  官方 CookBook pipeline (temp=0.2, max_tokens=100, @1fps)
total questions=99 (short/medium/long 各 33)

 frames |     short |    medium |      long |   overall | degraded%
----------------------------------------------------------------------
      1 |     13/33 |     15/33 |     14/33 |     42/99 |        0%
      2 |     14/33 |     14/33 |     12/33 |     40/99 |        0%
      5 |     14/33 |      4/33 |      0/33 |     18/99 |       53%
      8 |      0/33 |      0/33 |      0/33 |      0/99 |      100%
     64 |      0/33 |      0/33 |      0/33 |      0/99 |      100%

